0.8788044606892051,2.3093024998152694,2.5,2.5,1683477756535706043,0.4196189157552559,1.6323726637192637,0
0.8788044606892051,2.3093024998152694,2.5,2.5,1683477756535874366,0.4196189157552559,1.6323726637192637,0
0.9232676891752376,2.2775941627218588,2.5,2.5,1683477756615242242,0.40795599834577345,1.592340772716125,0
0.9698314422004132,2.240408445082926,2.5,2.5,1683477756715355634,0.4630645174425348,1.5520320842890882,0
1.0525992371034782,2.184167770647113,2.645852403752892,2.481566371806328,1683477756815120458,0.4141619216313672,1.6207719090019554,0
1.1234830644748344,2.1535774047051244,2.7802843569588656,2.48611182902585,1683477756915383100,0.4924851956712177,1.6898430892053475,0
1.2490374983812382,2.1162000447081892,2.890638300438127,2.5290341821108338,1683477757015097618,0.6074520429066164,1.6927153388324943,0
1.3435011347175823,2.0960754675402193,3.0297369240902694,2.6277237356471064,1683477757115231037,0.5786112969668591,1.7680613729003813,0
1.4985701802255393,2.0718053316137297,3.107221388236393,2.7099819040925985,1683477757215194940,0.5691109352478505,1.7306149331077827,0
1.6094915530133997,2.0589605658275163,3.212198001389656,2.8324988026203086,1683477757315728425,0.48093650606361643,1.779614948084932,0
1.7843119087321337,2.043340352400326,3.3033471591102903,2.93485112054736,1683477757415168762,0.40237829068143316,1.7613232359829765,0
1.9045046689237466,2.034367977697439,3.364684893934911,2.993386241218774,1683477757515213966,0.35206556819210844,1.7469522945063873,0
2.086425490171175,2.0217142189108177,3.432036161096405,3.043266306706948,1683477757616153001,0.3349410418984549,1.6894486514210727,0
2.207928353179737,2.0141362440784096,3.502400219924421,3.0895691726327517,1683477757716587781,0.32328442447125677,1.682918119699362,0
2.3923321369189834,2.00619249537364,3.678008066494557,3.167068461286024,1683477757817449569,0.26941066538476094,1.7322227351362836,0
2.517953578803589,2.0027805655954087,3.7645543706915663,3.198426362987972,1683477757915212631,0.2728492675025986,1.7273049548815145,0
2.710755357062631,1.9988031265160662,3.8490949200367557,3.2235085840835427,1683477758015183925,0.3430707539909123,1.6720407944866906,0
2.841947974512652,1.9968444868358057,3.9349526351351556,3.247175750538959,1683477758115397453,0.36983816357766625,1.660718957902281,0
3.0422881966361714,1.9939870785540026,4.086069607669707,3.282251444670142,1683477758215271711,0.4056039139492949,1.6580424334207424,0
3.1777914329597734,1.991034613884356,4.24429551932845,3.3125153157494878,1683477758315300941,0.38833173551038797,1.6981584765984141,0
3.38192222214287,1.9816874281008332,4.405044621618597,3.3276434296806867,1683477758415414094,0.46973689086819337,1.6906735351621835,0
3.51767073011552,1.9721598299022793,4.5165782037550315,3.329939586253399,1683477758515147209,0.5175456989642017,1.6856399400968696,0
3.7208810537300305,1.9556000636101303,4.636248142140192,3.3254251898239087,1683477758615167856,0.6147715120363229,1.6475186745378916,0
3.856796915647156,1.9445077005190279,4.758724500876759,3.318715783268747,1683477758715262889,0.6249005016057446,1.6437521783081417,0
4.063114273971961,1.9301715720892636,5.028906439363154,3.305639034658226,1683477758815244436,0.5406305546421746,1.6806740455296227,0
4.20179184778514,1.9213696928295103,5.158204480441353,3.3003783917731986,1683477758916021585,0.5510616830125646,1.6782103907635515,0
4.409862845235456,1.906779009308567,5.2817613444383325,3.2959976708248324,1683477759015461921,0.6472337313747504,1.640163248709491,0
4.548885156002757,1.8964929885992106,5.473776738302481,3.2896280243187843,1683477759115489244,0.5930353558213511,1.6721990511773013,0
4.758833113841678,1.8818701351919909,5.605794535762151,3.284665281510377,1683477759215290546,0.6707012133481092,1.6386512358509882,0
4.899316421686207,1.8720901857818653,5.733760781675704,3.278839850661349,1683477759315170526,0.6789123120160949,1.6356167061866362,0
5.1116286923233325,1.8585999918068539,6.009466849178942,3.271635198428431,1683477759415129184,0.6077965155613966,1.6741510837012175,0
5.2537496162671316,1.8499368643929388,6.142351583168723,3.267779621310177,1683477759515499830,0.6190103630299408,1.673287643809053,0
5.466280542353949,1.8356296680577537,6.270441915180103,3.2630417067749873,1683477759615361213,0.7140230461472991,1.6383469235239934,0
5.607815888566921,1.8257597401052308,6.398989237282625,3.2581265397175123,1683477759715516090,0.7251279759581667,1.6363465147546075,0
5.821292552603774,1.81268842088551,6.609865346754612,3.2513647378737955,1683477759815377712,0.7147379686239793,1.6406207961432884,0
5.9641760502211145,1.8047593177079142,6.820610043955157,3.2456286819393885,1683477759915323019,0.6412579432820276,1.6761812880485378,0
6.178436096710477,1.792380837864076,6.95461430871056,3.2420791661811976,1683477760015733003,0.7324305687148294,1.6444080576028268,0
6.321030745472527,1.7833731783184927,7.153542788057639,3.2357545135652703,1683477760115860223,0.6799857531231606,1.6740632736018222,0
6.535403248462017,1.7698275039640705,7.289871205905788,3.2304211902545377,1683477760215135335,0.7612703368829966,1.6439451983691402,0
6.678465374577701,1.7604626869239182,7.493709317750739,3.221257032797023,1683477760315243721,0.7013982692352194,1.6728845769553722,0
6.893521740558912,1.7467525326027988,7.699226470645705,3.211723917763623,1683477760415193557,0.7115141136595055,1.67191544984316,0
7.036393372228247,1.7374006104913384,7.833855662672377,3.2049444146103925,1683477760515154838,0.7222663945569082,1.6702188244923546,0
7.2499154723983725,1.7238625734315463,7.969353954398126,3.1982018989145375,1683477760615118503,0.7946904304894962,1.640508511421916,0
7.391761274318231,1.715602154787877,8.105356508160682,3.191417349212232,1683477760715138196,0.7907402473745,1.639282966987841,0
7.604144866337056,1.7053481227852734,8.39434563439493,3.1845037157232188,1683477760815811157,0.6977176595685369,1.6769968759538165,0
7.745087339358779,1.6995393592676478,8.532201067196322,3.1817697913145873,1683477760915187120,0.697430098569192,1.678259537210014,0
7.954213037657199,1.6904845288330945,8.663595865427476,3.1790613354150206,1683477761015835285,0.7782123649584217,1.6489647981169882,0
8.092485693566172,1.6847728477722803,8.865339438284776,3.175762441759111,1683477761115211486,0.7088226011267605,1.679390627609486,0
8.298508449650878,1.6772125885324938,9.001756854764757,3.1736952097483804,1683477761215243816,0.7737491997368999,1.6534867870341103,0
8.434709681925868,1.6725407716004443,9.133511824926192,3.1709995333092436,1683477761315279722,0.772718236068569,1.653391392140322,0
8.638311280371596,1.667864647259318,9.412438029183487,3.1702673382365236,1683477761415221214,0.6745385243157341,1.6901142177621067,0
8.773510538700263,1.666566646294733,9.54516158819646,3.1703836035966253,1683477761515312910,0.6617121356479239,1.6902398596818455,0
8.974384789676803,1.6660457457902171,9.670424823373574,3.1715535261012917,1683477761616548776,0.721955166785265,1.6586215376286966,0
9.107619528659509,1.6677265008799025,9.79476995471659,3.1736478603437313,1683477761715273618,0.7054648880033121,1.6552869385456455,0
9.30751698253898,1.6749909897050503,9.99129622875865,3.184398159891436,1683477761816355943,0.6659717136043908,1.65706489401315,0
9.440518326704405,1.681989782887076,10.182570787148384,3.20079453542598,1683477761915209770,0.5953333481148478,1.6903874497835474,0
9.638219079140843,1.6912392401845888,10.358470805871622,3.2191742482984385,1683477762015303373,0.6394488226409248,1.6891855844987962,0
9.768211171179928,1.6949734552418927,10.475140582191003,3.2283621092694186,1683477762115380764,0.67627479970995,1.6884993208327959,0
9.960872454153769,1.6983563682242249,10.596622822658416,3.233422305295765,1683477762215186595,0.7665404001844798,1.6615071357689442,0
10.087954821222432,1.6992109667776663,10.720307029391043,3.2365770248991166,1683477762315425395,0.7817731938865167,1.662336822620375,0
10.27833856460474,1.7000708739428898,10.991682925772745,3.239239583019853,1683477762416670560,0.7043234484333835,1.696437588775913,0
10.405631719248545,1.7004360417855149,11.123146602869182,3.238114181701882,1683477762515229701,0.7061476150923888,1.6968446217004653,0
10.597212883675335,1.6998842873891853,11.249615795435219,3.2352020222379902,1683477762615255832,0.7783655406435577,1.668181676620997,0
10.726086164970384,1.6992813975520191,11.37615747707586,3.232012132845451,1683477762715526103,0.7788192995706448,1.6648892508919866,0
10.922666600126691,1.699410252949626,11.64749647079833,3.2293237340644225,1683477762815529108,0.6948475805755101,1.6929304773423688,0
11.055694223979229,1.699969973200278,11.777811882968786,3.22826465370588,1683477762916345834,0.6964912072155167,1.6903072335780494,0
11.256835624784319,1.7003084501756796,11.902828815993736,3.2273136733762757,1683477763015312910,0.7759432136480235,1.6580265844584123,0
11.392075919458946,1.700613191935561,12.095448148047039,3.227268577394823,1683477763115314483,0.7118656251206342,1.6808953441248946,0
11.597436508761872,1.7027869147283698,12.2263778751567,3.228211018857409,1683477763215392589,0.7758689660359313,1.649995739334037,0
11.735561571164691,1.7049609415382982,12.420544119428548,3.2308976067402218,1683477763316590785,0.708507115731209,1.6726278120471436,0
11.945063546589342,1.7092608907030762,12.613950858196468,3.2368024453014517,1683477763415127038,0.7231873867834466,1.667571118919319,0
12.085828935369552,1.711341041336107,12.740788452594494,3.2406719441102343,1683477763515402317,0.7464767854048022,1.6636781477748201,0
12.299328248158465,1.7134739911665158,12.86978252606542,3.2439694796993277,1683477763616288423,0.8389968054121538,1.633350704411528,0
12.44316019029258,1.7142469881105546,13.00014828224255,3.2466421641801415,1683477763715392589,0.8563248854846436,1.6304817417608235,0
12.659154522973196,1.7158107963086378,13.428129470411177,3.2563662425166067,1683477763815337419,0.6451330655467362,1.7218111257127708,0
12.80315210942077,1.7160706905510765,13.533660830309085,3.247931193614815,1683477763915329694,0.6997964256609559,1.697126863891021,0
13.019096644820909,1.7113029704630955,13.655925937478255,3.244737829242513,1683477764015109777,0.83163065469506,1.6604138080931237,0
13.163035937488822,1.7071300705034673,13.78457488582928,3.240822232425781,1683477764115163564,0.8455712451736437,1.6548481234983778,0
13.378996703179936,1.7030749456921013,14.082843942457613,3.2276215821539607,1683477764216301202,0.7424596359794318,1.6791793778468027,0
13.52298833979077,1.7015235519324448,14.205644807456721,3.225967741662035,1683477764315169811,0.7576636668692783,1.6703143238464018,0
13.738967833362304,1.6985556449365327,14.335658122740384,3.2252606873849663,1683477764416245222,0.8493394112363674,1.6391667358983253,0
13.882951093806579,1.6963639821617773,14.5449891027863,3.225008874327244,1683477764515226364,0.7839402766817909,1.6658479917679774,0
14.098934984414921,1.6937377045930178,14.677753094299884,3.221751183766448,1683477764615479230,0.8648311899033989,1.6339692765980922,0
14.242839269437189,1.6915213791510484,14.808484389389276,3.2195713595026008,1683477764715298891,0.8787366947196947,1.629383670035388,0
14.458519405671455,1.6890185979306171,15.038372259734443,3.223702787256481,1683477764815445423,0.8612163849774507,1.6405745619543715,0
14.60147216855109,1.6871336976551399,15.252342871844494,3.2232472889158967,1683477764915415287,0.7964942544866694,1.6683158087309695,0
14.813366535886235,1.6816515739012343,15.381648382418232,3.218625819985887,1683477765015138626,0.909634676337812,1.6386683893409622,0
14.952461649549814,1.6752660423534358,15.603308485446428,3.2112807170370807,1683477765115692853,0.852338481814823,1.668215419135112,0
15.158266891417693,1.661938990091497,15.735763537957174,3.1993688853076976,1683477765215168476,0.9653360461170833,1.6423133256077675,0
15.293308527983994,1.650006743173026,15.968097070021784,3.180022822689469,1683477765315506696,0.9000753689313455,1.672210746300942,0
15.493798198873929,1.6294434490153071,16.18565622375489,3.1511415460518823,1683477765415370702,0.9029389475287969,1.671595831867536,0
15.626772056612397,1.6153337896296656,16.332885846614165,3.1325091426269873,1683477765517477035,0.8869031661956895,1.6734448709692256,0
15.826508809209708,1.5959163211144718,16.474078606091254,3.116565835533347,1683477765615241289,0.9230890538817729,1.6527920581656872,0
15.960418047521019,1.5851756177520937,16.619552481479754,3.09955819106042,1683477765715355396,0.883189877407837,1.6516091487909756,0
16.16332487728327,1.573882410888062,16.912725502167294,3.090245767267557,1683477765815284967,0.7467748730710153,1.691437000052634,0
16.29960716840309,1.5691571899399668,17.03077949523773,3.0888730887810345,1683477765915563821,0.7449609651834815,1.6864606087066187,0
16.50344120183879,1.5631456371053645,17.15405946530069,3.089593765872858,1683477766015147924,0.8168069092997499,1.6593215524930547,0
16.639120584692343,1.560114387325928,17.355006769246074,3.091963533148915,1683477766115509033,0.7407922082175025,1.6908739854860604,0
16.84256468771089,1.5575305345604782,17.47879808623066,3.0916233893989706,1683477766215344429,0.8079345274183802,1.6607931312052484,0
16.97761309268848,1.5563489000186315,17.68027973244334,3.0971810685960564,1683477766316031932,0.7321745005477378,1.6934887594393402,0
17.179708301402556,1.5555709348921571,17.855917767624277,3.0988078221212563,1683477766415179729,0.7603282738624801,1.6848855546631123,0
17.313574795971054,1.5544851088145046,17.986828882515518,3.100680184622167,1683477766515268325,0.7666913450420666,1.6864134361124745,0
17.513442904776465,1.5521602354770232,18.114193744996566,3.101152663493218,1683477766615136146,0.8465376407045732,1.6614087739255095,0
17.646156316205346,1.550063856496977,18.239915342060115,3.1020626559747013,1683477766715460777,0.856543395293868,1.661700952146415,0
17.84546123683887,1.5474381146928364,18.527089183348092,3.1038533756168043,1683477766815170526,0.7673590266185858,1.699130695944077,0
17.97823126301703,1.5455582738828626,18.64480290346655,3.100309343197725,1683477766915439367,0.7880617991063702,1.6916171669107865,0
18.17679269829657,1.5418893803638403,18.77675052977569,3.0981999287263013,1683477767015395164,0.8571850168837722,1.667948417217209,0
18.30933877183468,1.5396610969588234,18.984945900717996,3.0967707275711454,1683477767115354299,0.7759174890426953,1.69736130341881,0
18.50913160846095,1.5376594820919562,19.100326708279493,3.0940183060867974,1683477767215532302,0.8496625492019912,1.6648616864700985,0
18.64281834911376,1.5369683920171462,19.230044354601816,3.0917644557475388,1683477767315167665,0.8427914901299608,1.6619943385321687,0
18.8449140788629,1.5381221030129046,19.509026113093984,3.1018262735615916,1683477767415199518,0.7480816379009539,1.698886555071264,0
18.980277609293545,1.5399298914307555,19.625387276815992,3.1026510300024985,1683477767515324592,0.763640118396221,1.6906400681605436,0
19.18245248615511,1.5415614594575298,19.74852844512921,3.105722860449136,1683477767615308761,0.8487358778444115,1.6634430797837572,0
19.317112503148863,1.5428042292914936,19.87473045759511,3.1083800904180556,1683477767715390205,0.8511533949440568,1.6619162313615548,0
19.519874730815022,1.546742414130786,20.151415953304298,3.1171770901826465,1683477767815164327,0.7608040361508015,1.692663400516878,0
19.655335099284574,1.5501746490663624,20.270955837850067,3.1197563202891883,1683477767915258884,0.774365770656595,1.6859939253717857,0
19.857892347200686,1.5539267664065257,20.395437000147705,3.1237622455209446,1683477768015415906,0.8633604343082808,1.6593184400223873,0
19.993208966914185,1.5562435077711176,20.51999315501299,3.1274554836274846,1683477768115490913,0.8689899193496413,1.6571688670456568,0
20.19803777158019,1.5614392089862743,20.804998169161383,3.136803034787164,1683477768215571403,0.7763483222115938,1.6882452747968633,0
20.335514029462583,1.5652910826901543,20.92122984821576,3.1388857702708854,1683477768315470218,0.8004930232213904,1.6790661872362276,0
20.541857988343263,1.569070879545249,21.047411229811896,3.142248718113104,1683477768415165424,0.8987128379202993,1.6524141707575828,0
20.679733499365717,1.5702994448682086,21.253443188083413,3.1464253927376693,1683477768515207052,0.8422179336605226,1.677294193180183,0
20.887516177917067,1.5708470289428678,21.385103837820754,3.1437093456913514,1683477768615314960,0.9355711850112035,1.6496937130073068,0
21.02622643484044,1.569462902744175,21.599869356630826,3.1426203218447846,1683477768715419054,0.8733189677179226,1.674482148902013,0
21.23499733041643,1.5652465561833293,21.726566505439948,3.1367218339518397,1683477768815462350,0.9789885124648672,1.6465645454918914,0
21.37444989144032,1.561367443788835,21.949763320117725,3.1292796835822294,1683477768915426254,0.8965728932374035,1.6701300347309755,0
21.584877803044716,1.557312586671361,22.079313181086565,3.1226453501462634,1683477769015247583,0.9570399595779372,1.6415641941353867,0
21.725751009691653,1.5564556363099116,22.21757626552183,3.1164600702881473,1683477769115503311,0.9365883428712783,1.6356973791946285,0
21.938842653934618,1.5604337869993326,22.51163425553474,3.1273216290880845,1683477769216238021,0.8073135166156791,1.6683008507308208,0
22.08169511645802,1.5665177290788095,22.627174364956613,3.133701555921796,1683477769316068649,0.809308137458125,1.659401325075045,0
22.295036099873958,1.577231741993057,22.752912367204342,3.144013603413199,1683477769415388822,0.8838697444725969,1.6323161695760937,0
22.4365266705603,1.5850848148405092,22.874574547449168,3.1523681558429484,1683477769515347242,0.8935704293848737,1.6273484609728217,0
22.648157355947664,1.599126217781087,23.154240134807583,3.181521048600863,1683477769615738630,0.8093230962510575,1.661352816130194,0
22.788272644669217,1.6090557376700694,23.273700984827887,3.1889658607192386,1683477769715132951,0.8304063716381338,1.6528026713260244,0
22.995352271118918,1.6218239800606635,23.395290200397973,3.19840777159986,1683477769815345048,0.9325617754664963,1.626519842799382,0
23.132008875574805,1.6298383732391297,23.522953353414163,3.2081820525188447,1683477769915655612,0.9386247057428232,1.6260400839694316,0
23.336896655763162,1.643975076598611,23.808248492566292,3.2263289447366734,1683477770016209125,0.8400100185761487,1.6510652070918257,0
23.473362181927957,1.6541713428208529,23.929606565371454,3.23368806056872,1683477770115327119,0.8526974895258318,1.6440900215829828,0
23.677335082466257,1.668838525235764,24.05641031643559,3.242519330030154,1683477770215304136,0.9332883663595185,1.6186937043144456,0
23.813301472437615,1.678605927145421,24.26180463192983,3.2579925298627432,1683477770316359519,0.859264161137273,1.6418334644285528,0
24.017960925004246,1.6933717313682188,24.383640597176356,3.2638610744599323,1683477770415459871,0.9516617110330149,1.6125006664818913,0
24.154503638569725,1.70153944441823,24.505511535137288,3.2709420848006525,1683477770515160083,0.9802203641816573,1.6081763557185216,0
24.360735084284453,1.7120536623964122,24.801307619964856,3.287716836817957,1683477770615141153,0.9112220289134314,1.636098590679681,0
24.4989710975931,1.716951843836117,24.92592275559138,3.2850460341714633,1683477770715493440,0.9504184139385,1.6251791002935478,0
24.70653701571947,1.7189394928382085,25.064457040472938,3.283502623219714,1683477770815241813,1.0671867063844462,1.604981162839209,0
24.84512166540751,1.7172405206742427,25.200757528332712,3.2827403872621947,1683477770915426492,1.093499879285095,1.6053867756043863,0
25.05321321576436,1.712157854158224,25.444491400315272,3.26607972448382,1683477771015327453,1.0791875144552667,1.6024268460000464,0
25.191480891465357,1.7071716829665617,25.673898895970932,3.251766822547706,1683477771115318536,1.002126838890917,1.6181783820978561,0
25.397036638333958,1.6970044972912732,25.87917479437172,3.2337550470430694,1683477771215245962,1.0292830059550102,1.6106084110266972,0
25.5322415633969,1.688233827509692,26.027611180501413,3.2191449775893104,1683477771315114736,1.0332008713772154,1.6090618406352102,0
25.73300226677018,1.6741195854161455,26.16853308346512,3.203987997724593,1683477771415148258,1.0950385937279703,1.5906553527619154,0
25.866271779918932,1.6657499472752477,26.317758076821878,3.188700520069103,1683477771515459299,1.0626915754485686,1.588464139810612,0
26.066430977782954,1.6570672918375584,26.619082332034996,3.169805944103576,1683477771616176843,0.9209490003408007,1.610528406895148,0
26.200109347664128,1.6543058519205458,26.739529604775967,3.1659964799280567,1683477771715433835,0.9079684442555048,1.6050491483404317,0
26.400267878905776,1.654013394203791,26.867590260979068,3.1653725514435647,1683477771815330505,0.9412667796079326,1.581959769071001,0
26.533659586556844,1.6563473783623717,26.992848914918625,3.1630458692378576,1683477771915494441,0.9253141241401047,1.5751175136121782,0
26.73427594616742,1.6631743233865028,27.189912520962476,3.18083013429102,1683477772015955686,0.9049785829422606,1.5845768673886476,0
26.86816017054699,1.6690909585733982,27.376272284405275,3.191057924109272,1683477772115142345,0.842722796623153,1.6045439739789031,0
27.067828606573382,1.6770290397612733,27.54700794311334,3.1959715006535734,1683477772215126514,0.8862591252328025,1.5927331967622294,0
27.19991922568236,1.6810600848594472,27.667130136674434,3.196795430470486,1683477772315514802,0.905717998831846,1.5861083422278122,0
27.397360449481507,1.686245558946185,27.7875461398916,3.1969677454927528,1683477772416158676,0.9903681217587939,1.5602968941598399,0
27.528995093951636,1.689113451839718,27.984352673191104,3.199051244664065,1683477772515421628,0.9298727393370859,1.5771057869306322,0
27.72710263608914,1.6925693781270734,28.168092293307176,3.192542508114154,1683477772615410327,0.9587517714430402,1.5634549141105798,0
27.858988652086424,1.6928472431832666,28.299088363949096,3.186947759545624,1683477772715230941,0.9768797528281767,1.5575699372342386,0
28.057230373917314,1.6907726322501406,28.4269862617623,3.178267972036353,1683477772815324068,1.070897573913503,1.5327628004625284,0
28.18992082916538,1.6888453628908147,28.55850806769127,3.170741069567019,1683477772915539979,1.0665642869920091,1.5270466390616588,0
28.3904769255263,1.6888465056450013,28.848605146965983,3.150864419553762,1683477773015119314,0.9460627928197584,1.532115481244678,0
28.524710992950414,1.6914322582587922,28.96816495422367,3.1443805738959543,1683477773115489006,0.9398367067475552,1.519114947488112,0
28.72514040494491,1.6985833348145316,29.095164782101136,3.141805341067132,1683477773215114831,0.9813151663825553,1.4899019427538294,0
28.85840217134275,1.7066099369303935,29.29265985997476,3.1448049076598243,1683477773315368413,0.885144397264971,1.5023263673275002,0
29.057898829282035,1.7233323601714812,29.40999178207324,3.14671412322246,1683477773415398359,0.9379267072616316,1.4662827458547494,0
29.19016279234463,1.73611447804464,29.5298577565648,3.1486170393873216,1683477773515117406,0.9350641392325894,1.4527753282996583,0
29.3890998702396,1.758832379588205,29.728235045730745,3.1741431004139153,1683477773615499496,0.9098552972286336,1.4553752449934008,0
29.522099537183582,1.775954535542098,29.925921484139884,3.190989677934779,1683477773715134859,0.8317489795467061,1.4715286674237285,0
29.72134095375941,1.8028996538216837,30.042131733202424,3.198047121561688,1683477773815143108,0.9110206874179176,1.4315527167788842,0
29.853947086684467,1.8214599030839875,30.168188657113227,3.2068167877241516,1683477773915614128,0.9110398594960808,1.4205497043065525,0
30.054142225600312,1.8525642631588954,30.463659215111473,3.2513700934934127,1683477774015132665,0.7926118473192884,1.4575190961617355,0
30.188366676119166,1.875293179025785,30.601785279359223,3.270651238275517,1683477774115421295,0.7785598395710565,1.4553140743558206,0
30.39059539912242,1.9119397562563145,30.752190090103447,3.299174802195777,1683477774215276002,0.8136978143909819,1.4335870372001578,0
30.52588361443324,1.9378469582338262,30.983480895146943,3.3523378120120744,1683477774315311193,0.7047457717629683,1.4866672952408997,0
30.714283991923825,1.99131899028609,31.12742662817817,3.388877854014138,1683477774415410757,0.5889607487605338,1.457346086376199,0
30.817438087112297,2.0465785569500268,31.29441930670229,3.4947365477897283,1683477774516417026,0.48955516078134576,1.5246877222154178,0
30.94537936416609,2.1529989262635243,31.36418586582279,3.620981313557911,1683477774615142822,0.6565002474253354,1.5265553298968404,0
31.01601795357346,2.2360424055152146,31.34336334851025,3.711626452614278,1683477774716194152,0.7540766281756296,1.5114573390074801,0
31.100307992990142,2.3721289355162956,31.317859170977737,3.7940819085974895,1683477774815469503,0.9225261984578254,1.4384987913440306,0
31.145990000707158,2.4696415616718035,31.30369524328964,3.877090932753833,1683477774915315151,0.989999483252655,1.416257277367781,0
31.204419446304538,2.6277655893665637,31.190645885784136,4.001314155487693,1683477775015483379,0.9661416844947636,1.3736176230897807,0
31.238948301878505,2.739743120232212,31.526399952072246,3.942639042672249,1683477775115377187,1.3571030575268432,1.2367647518513667,0
31.28709006763064,2.9162698993910863,31.74764522123137,3.970864944197625,1683477775215748786,1.2677467113199177,1.1507744166597975,0
31.31825206965516,3.03855422215609,31.971585112682106,3.976442757326576,1683477775315389633,1.0679326667289606,1.1430131099489154,0
31.36427662360461,3.2274739991600447,32.401832797004566,4.137512553720454,1683477775415252685,0.6803285618692669,1.380106149448932,0
31.39401407108849,3.3564923526908,32.56120471779144,4.19243102254606,1683477775515546560,0.5734148520663618,1.4356627269349294,0
31.436561329778527,3.55379927901953,32.71089124506694,4.264624681608237,1683477775615114450,0.5539218050905249,1.4591742479787562,0
31.463259064239704,3.687460467079899,32.8697403702925,4.331719120153671,1683477775715467453,0.5348640450592876,1.5470161202574464,0
31.500466277280893,3.89054739748565,33.01135539378715,4.488430346352891,1683477775815341711,0.5630861703230384,1.624884593724503,0
31.523748822342608,4.027114005813354,33.13420023000112,4.64149733156396,1683477775917181730,0.5452808610468204,1.723664876763943,0
31.556622366336285,4.233627214133956,33.20503795104357,4.790347115794073,1683477776016458272,0.6285741724429386,1.739888211584387,0
31.576673702882577,4.372288724589819,33.24589692765758,4.911061232128421,1683477776115147113,0.668087527383347,1.7540188109047472,0
31.603789988927893,4.578754978037472,33.279474109529154,5.0306616936423785,1683477776215126514,0.7757241973125502,1.735550907246467,0
31.621588709909,4.714526955525794,33.31827493779324,5.151992598110721,1683477776315330743,0.783541421413081,1.7521758885266923,0
31.65006233146429,4.915604731227872,33.373530046209375,5.432536347731587,1683477776415119886,0.692037340442939,1.79932188890976,0
31.668814901024074,5.048301402441604,33.390164170761715,5.54696137267597,1683477776515377521,0.720708394462483,1.7921230633916985,0
31.69411054609337,5.245554768254685,33.4091797965184,5.6775447985114535,1683477776615325927,0.8103713702766117,1.7686373059490528,0
31.709284128804214,5.376578637281812,33.42819245286105,5.8008560441210575,1683477776715334177,0.8327390672975196,1.770496298913417,0
31.730841568485225,5.573855906073288,33.454474223577066,6.093827489438824,1683477776815495014,0.7567753430883012,1.8003555141156453,0
31.744067069718984,5.706164204728181,33.45838383424447,6.224725229830628,1683477776916407346,0.7715905614840888,1.7910297333903864,0
31.76118717288335,5.905916950667806,33.46431248398582,6.357144458414067,1683477777015168666,0.8628068964475109,1.7618859466676022,0
31.77138000684793,6.040693008625987,33.473065228464634,6.57833306265715,1683477777115720987,0.7894934028513111,1.7845978317725595,0
31.785620207967547,6.246211000898104,33.47289067169571,6.71259502951997,1683477777215132951,0.8720595875464913,1.7505415390452768,0
31.794059475940188,6.385466818744067,33.47792392578306,6.933607009154212,1683477777315537214,0.8015806786983963,1.7708351571469063,0
31.805628313849358,6.598229184316761,33.476466258591785,7.141316116504167,1683477777415596723,0.8202850670982154,1.7568844166603066,0
31.812064549473014,6.741903340961674,33.478758843902895,7.302817465163091,1683477777516128540,0.8124471629914168,1.7585489830578398,0
31.820165240390892,6.957749875595814,33.47544596224132,7.434952251010078,1683477777615272760,0.9106012381335747,1.722694510129604,0
31.824333914019657,7.101689470469007,33.473676176403444,7.583417371262712,1683477777715362310,0.913462749121866,1.7182525044033479,0
31.829542488120584,7.317626383949112,33.47325830547705,7.907436355690807,1683477777815143346,0.8169154457268928,1.7463325831564227,0
31.83229134227277,7.461599880734715,33.46708796778262,8.03905020768441,1683477777915646791,0.8356967814154012,1.7337845560716851,0
31.83540306361387,7.677577388941977,33.46372031641378,8.189431709040033,1683477778015153169,0.9045179384421196,1.7068719696476584,0
31.837322928989334,7.821564577102829,33.46063659019464,8.41742512176952,1683477778115416526,0.8209968417376766,1.729218618725307,0
31.840804771234094,8.037500260380584,33.45630991710113,8.560633803214591,1683477778215543508,0.8857461151442853,1.6980946911055739,0
31.84333928443715,8.181012513784399,33.45283572709788,8.702001053120775,1683477778315399646,0.8820374027621901,1.691717428253722,0
31.848214494020393,8.395178320198804,33.45901446175867,9.01517359676064,1683477778415444135,0.777608870644052,1.7259984585811838,0
31.851492988677318,8.53649654734042,33.45613973906211,9.148331044000809,1683477778515129804,0.7881647496590424,1.7173330034749066,0
31.855070197572925,8.744986081492115,33.45570910740687,9.288583596749532,1683477778615133047,0.8652591067264587,1.690426921895304,0
31.85677199160555,8.88164738938301,33.45491776563297,9.431691311392822,1683477778715408325,0.8629936707595394,1.6901533158804358,0
31.858893200289604,9.083313512910566,33.454611664448294,9.74209316984432,1683477778815145969,0.7602985784625793,1.7263568730846828,0
31.859921206970565,9.215511771899047,33.44911403130138,9.866075041808962,1683477778915529966,0.7732371276066795,1.717197251645956,0
31.860849822779915,9.410736962540357,33.44622660250592,10.007814346809639,1683477779015372037,0.8267034292743437,1.6940840995948911,0
31.86167015728892,9.539444390723407,33.44313652351132,10.142213417274517,1683477779115469455,0.8152743412642631,1.6924439036086416,0
31.86438356147837,9.731414485869779,33.444427561365636,10.364991177764788,1683477779215672016,0.7688521091590351,1.702339116067176,0
31.867226911111658,9.858815750938817,33.445441469618885,10.570607211113773,1683477779318898916,0.6814281671214268,1.7313024794824727,0
31.87153729882767,10.049399167139269,33.44465401015367,10.755614718624297,1683477779415144681,0.6911133423554708,1.724365562348204,0
31.873646692889753,10.176898542918545,33.44478652106807,10.879857233843747,1683477779515398025,0.702501745455669,1.7212295839996057,0
31.875598575841362,10.370655111882813,33.44369443335945,11.004739369971482,1683477779615182161,0.780990620610615,1.6914453773980505,0
31.8763943894377,10.502585830845517,33.44398640300704,11.21185111616306,1683477779715420246,0.7112717125659849,1.7205818684279315,0
31.877095010947194,10.705916546125232,33.44012709400573,11.339285982713015,1683477779815152168,0.7952156809418368,1.6864833636516656,0
31.876431504043513,10.84417540501094,33.43898582723473,11.548961415435617,1683477779915125846,0.7318346820973837,1.714146823762159,0
31.874753291257942,11.054418510642986,33.43401713434011,11.672377025206696,1683477780015210866,0.8296457763786473,1.6772526518283277,0
31.872879308685278,11.195298039804298,33.43088000751331,11.887184471299399,1683477780115580558,0.7574776238815907,1.7047208016668478,0
31.869840620095403,11.40702778182415,33.42400500798806,12.08493633132103,1683477780215157270,0.7765807267520237,1.6955786463843885,0
31.86718530927364,11.547472172182989,33.42103699977253,12.218326819740673,1683477780315580844,0.7888211464964732,1.6924836880206582,0
31.862457329392992,11.757351883499085,33.417241938276874,12.354094060937873,1683477780415266275,0.8684421430811335,1.6653697506429588,0
31.858801645344307,11.897337771481512,33.41349549181883,12.49349226305052,1683477780515544891,0.8731632834267514,1.6650745130725062,0
31.853070216536324,12.108593488931382,33.40890194810683,12.794391034381249,1683477780615445852,0.7895970814863457,1.7002736986458222,0
31.848439333227475,12.250204723884279,33.40143817448779,12.927323524770568,1683477780715373039,0.8086813703455735,1.6941945789871826,0
31.838910873167492,12.463220770942359,33.39507553173657,13.066957324990643,1683477780815252304,0.9047110784394106,1.6691753267028364,0
31.831764454314463,12.605534355804176,33.38380909797549,13.291983082232612,1683477780915483474,0.8224106313433893,1.69707231134448,0
31.82228610766986,12.818477236188015,33.37514142257245,13.424370911564639,1683477781015156030,0.8887758583052818,1.6668733529823452,0
31.817397500044496,12.959196586872121,33.3668262342146,13.563312395586735,1683477781115492582,0.8723938958857459,1.6630349703511589,0
31.814209003885498,13.168111001718634,33.36908897888396,13.862112616917805,1683477781215164184,0.7448442917107113,1.7027301543551379,0
31.814835657347903,13.305118908476729,33.37032558817525,13.9800800973364,1683477781315634250,0.7424262606225945,1.695618333049074,0
31.817469395273157,13.506119541327887,33.3752917820002,14.111136709656256,1683477781415305614,0.7970505984605778,1.6711841198862583,0
31.819638324785068,13.63777403836957,33.378673197887,14.236140627159688,1683477781515405416,0.7986819100324913,1.6699198514085254,0
31.823509818199014,13.833208344738862,33.39186103162628,14.444361176955448,1683477781615802288,0.7851659904359917,1.683221112327529,0
31.825816307415153,13.962360189866496,33.39845043781764,14.645082147552488,1683477781715133905,0.7209758857612703,1.7144350030296776,0
31.826547265852856,14.153763582533031,33.39711231393042,14.75995403625631,1683477781815143346,0.8282437972316952,1.6834908483351252,0
31.825490283933608,14.2802719082286,33.39575901352092,14.969661948630144,1683477781915431022,0.7544397110610301,1.7149351331536138,0
31.824403669346825,14.47030745501498,33.39029138047064,15.091905181832937,1683477782015121459,0.8160656511380736,1.684751630904045,0
31.824194712300695,14.597348238316133,33.389463156309695,15.291930219412764,1683477782115440368,0.7342526808679833,1.7124571323903195,0
31.826027841827493,14.789587446935109,33.38803296011139,15.414664949048355,1683477782215288639,0.7828897454060019,1.6824333190926832,0
31.828340158381014,14.918688511437878,33.393744960956724,15.611480492287043,1683477782315453290,0.7008540488473494,1.7118565724545989,0
31.833336973784675,15.114217900548676,33.39618953444862,15.723859299873562,1683477782416141748,0.7803733989611167,1.6775490341997887,0
31.836376934799414,15.245253612603877,33.39915698858154,15.84548426584526,1683477782515437602,0.7873644423852458,1.674084326905259,0
31.841719623178854,15.443948645077967,33.411068156216565,16.046942994974035,1683477782615265846,0.7797791931326695,1.681207008120713,0
31.845307837285265,15.577664438223703,33.41864076604958,16.24471893890353,1683477782715598344,0.7193565703499338,1.7088997078855457,0
31.848547015583712,15.778917958179374,33.41875564150274,16.35385389324229,1683477782815210342,0.8376399423673412,1.6721562302420185,0
31.849224011420606,15.913595184621629,33.420693196859794,16.48165307560753,1683477782915438890,0.8519105690694254,1.6709892783307299,0
31.850973892329293,16.118372302660767,33.420908622699606,16.700701976284652,1683477783015110969,0.8310995564156813,1.6744560031263316,0
31.852472575183697,16.25673455312464,33.42269328621125,16.90148259059832,1683477783115769147,0.7672141103614802,1.6974372192119602,0
31.853365916817935,16.46605343055434,33.421631176425564,17.087832395647204,1683477783215288162,0.8076621305649293,1.6870284543907774,0
31.852838434324955,16.60669885979188,33.41972660507507,17.218429961450827,1683477783315505981,0.8243261817864848,1.682068215136803,0
31.851451331123396,16.819572675100073,33.41813479148283,17.349732252366678,1683477783415205955,0.9077884011540313,1.6539547280174598,0
31.850878834131834,16.962795099112657,33.4165809285292,17.484519331401515,1683477783515480995,0.9080404049041743,1.6503391236220806,0
31.852094679853682,17.17879074593336,33.42227023338385,17.78044207276492,1683477783615176677,0.8119025626755726,1.6814980190240911,0
31.85374211073726,17.322758881214657,33.42297719962231,17.899850450859315,1683477783715561628,0.8352710387359403,1.6719848814935494,0
31.855804704918715,17.53874901905304,33.42548579277669,18.03444677066443,1683477783815370321,0.9155417317755694,1.6460908172186577,0
31.85762020410105,17.68273711632885,33.431519927631484,18.25254497449793,1683477783915380001,0.8344155678856374,1.6738701666976488,0
31.861459217304397,17.898535071946778,33.432783166731916,18.376038071750095,1683477784015179157,0.923778818308947,1.6422752719521974,0
31.86416224080608,18.042366679296883,33.43504699344705,18.5107651251113,1683477784115598678,0.9252148971934412,1.6392303102740766,0
31.869915304212924,18.25828942110636,33.450693648413164,18.805669508319124,1683477784215140819,0.8334424108090477,1.672867338843551,0
31.87427305867662,18.401937302039638,33.45295418051735,18.92467986356742,1683477784315565824,0.8598064544727305,1.662977411178196,0
31.879767025632454,18.616351217546136,33.45778632771782,19.061404502883427,1683477784415132761,0.9435050375741791,1.6395784045124226,0
31.88313014910275,18.75925055724688,33.46222953829047,19.19495235593305,1683477784515484094,0.9531530263607845,1.6381058996021594,0
31.889057420493113,18.97479302944504,33.47091244854961,19.420311934784873,1683477784615298509,0.936582409133497,1.643396612142921,0
31.8931084342295,19.11873603652636,33.47853329082587,19.63339171720488,1683477784715392589,0.8692951225896334,1.666866055077101,0
31.897862739074995,19.334660232849384,33.48100835694257,19.82545906866642,1683477784815678358,0.9108127453877898,1.6574780676113499,0
31.899813282423935,19.478565712316403,33.4819361097991,19.97048962415457,1683477784915178060,0.9145461075632249,1.6568348668288442,0
31.902601377417422,19.693604504474237,33.4828883057243,20.101747429778076,1683477785015124082,0.9984179032242384,1.6321419739879148,0
31.90492002800858,19.835914904278475,33.48407409636936,20.24345176114805,1683477785115286350,0.9905748196909692,1.6308935775603342,0
31.910414429201335,20.04747531980089,33.49340684802025,20.473036339161595,1683477785215312480,0.953929671735289,1.6391971142109425,0
31.915271768814698,20.186607595995294,33.50202312927656,20.68164350473668,1683477785315288066,0.8756071237213218,1.6621794219851767,0
31.923261258776424,20.392278944922307,33.50613777874268,20.809636277369798,1683477785415220499,0.9493263267182,1.6369744104316906,0
31.928464223295983,20.527949604054974,33.51719684798822,21.01876707168338,1683477785515356779,0.8744411674520661,1.6628208380010872,0
31.936700208418245,20.73095073336691,33.52063671681257,21.144794611279863,1683477785615618467,0.9526300457791486,1.6371076989344446,0
31.94203936215656,20.866285306656636,33.52550231295891,21.278496334233783,1683477785715069770,0.9503390818026604,1.636237405702456,0
31.951025995923786,21.070851392067134,33.5432120384122,21.56571444490993,1683477785815137863,0.8608816812567848,1.667316956959237,0
31.95728560480872,21.208170141553683,33.5463732805503,21.6851798354585,1683477785915463685,0.8811187052866166,1.6591376944885963,0
31.965623005741847,21.414464564797772,33.5521804302782,21.81491839003065,1683477786015165090,0.9632197506071393,1.636315289757773,0
31.971304435337668,21.55258380043957,33.55775836368509,21.946832018858363,1683477786115542411,0.9651615917422528,1.6347072289848585,0
31.981844951351388,21.761532908088125,33.56593633827542,22.098814892260954,1683477786215470552,1.0039033004506792,1.6196001540424931,0
31.990215919354295,21.90193473687349,33.586727659242314,22.384893575441236,1683477786315461635,0.8462461115080165,1.6679625221661836,0
32.002623277598275,22.113069761840947,33.59095771359209,22.497109851051107,1683477786415291309,0.9621944595458256,1.6341031395491343,0
32.00930379223145,22.253439368506623,33.60306910902715,22.706077191936018,1683477786515129327,0.8996258406361276,1.6567947622502344,0
32.018320397102954,22.464188391119713,33.606130242790556,22.8315300106926,1683477786615148067,0.9984505479159456,1.6297484381133542,0
32.022999680156346,22.60447818804214,33.615156025975125,23.04641183731181,1683477786715509653,0.9347597350432576,1.652352014519852,0
32.028773721387644,22.81508427411106,33.6174371743795,23.25246442807358,1683477786815145969,0.9536234162139842,1.6477721219732704,0
32.03148784892996,22.955420225737406,33.61918194056131,23.38675602547192,1683477786915408134,0.9685087610745643,1.6452425659256777,0
32.035447542093415,23.166750393896823,33.62061622749832,23.5313249190738,1683477787015201091,1.0320613490988835,1.6265529027966854,0
32.0385394998797,23.308487798297353,33.62221664783015,23.670157399726595,1683477787115414619,1.0277142806096977,1.624450125285005,0
32.04525392273787,23.523222940551197,33.63576658958732,23.972465613452748,1683477787215192556,0.9240679413950319,1.6527400045271115,0
32.05092749580007,23.667111120991812,33.639655335096656,24.10631966140572,1683477787315391302,0.9254625264643843,1.6483204449768016,0
32.05868375108617,23.88297118433183,33.64630237840525,24.24269312323388,1683477787415153980,1.0155746420657137,1.62786141275539,0
32.0626133841311,24.02691747136496,33.65220309180508,24.379396365116193,1683477787515244483,1.0335539267553,1.6282004819072933,0
32.06659477905162,24.24287928629552,33.660490188292705,24.689316447246263,1683477787615151882,0.9617159214451472,1.6552367547506814,0
32.067013838375736,24.386767307629434,33.65630362535931,24.825306302298713,1683477787715161800,0.9945634416785163,1.648683862011097,0
32.062824208667756,24.602128289975607,33.65235508767912,24.97907374690833,1683477787815112113,1.0968991617852037,1.6336144872132032,0
32.057872531148675,24.745733226575204,33.64938008897658,25.121553293047285,1683477787915293693,1.1108212571649523,1.6352788841620916,0
32.05091460656345,24.96162049000191,33.63287118305486,25.38355861387281,1683477788015837669,1.053832324305003,1.63725941447289,0
32.047947997136895,25.10558926296703,33.625505583311494,25.615497487810455,1683477788115164518,0.9478360380226333,1.6579186757679043,0
32.047216346712396,25.321584249396206,33.62231561171566,25.754291681607697,1683477788215127706,0.9876978513644653,1.6334544427393418,0
32.04986357370247,25.465557736286346,33.626042402912866,25.986364481501766,1683477788315286874,0.8687977153361149,1.6599937853838318,0
32.05838553591423,25.681387333214246,33.62878392890603,26.117207072907252,1683477788415173530,0.9181818042271024,1.629751501983447,0
32.065978290127745,25.82518645741778,33.6314775996997,26.25639544646362,1683477788515422105,0.905416396624264,1.6238008746469514,0
32.080537850363385,26.040693509373103,33.658866404827144,26.546396371676337,1683477788615425586,0.805730522386764,1.6573642963384194,0
32.09160560795026,26.18401860095098,33.66151354108056,26.67614561667453,1683477788715437650,0.8101244453428585,1.6452355205594191,0
32.107878013805156,26.396563742820156,33.66905275846013,26.80477106038162,1683477788815453767,0.8962654414418675,1.613660372401596,0
32.11904919252879,26.536806932952924,33.67591386716489,26.936892958145158,1683477788915305376,0.8938958307728962,1.6074502924457341,0
32.09953918924724,26.715976843038625,33.69046798069347,27.15257946124036,1683477789015114068,1.348791363147879,1.6497503646531424,0
32.06120171051157,26.813651496370905,33.592622800282946,27.437950413795924,1683477789115438699,1.5012005055096012,1.6537834478838531,0
31.97357281958504,26.93368854755931,33.4096923725425,27.733589077165792,1683477789215173006,1.7822524017609054,1.643861377261315,0
31.8985605514071,26.998921513162312,33.2476436894669,27.883797821986576,1683477789315937042,1.9165188608284924,1.6133912716126002,0
31.766128337033184,27.07892511682833,33.0824096346911,28.02526556949694,1683477789415314197,2.13651250005201,1.6211590628069317,0
31.666983364775138,27.12261765274425,32.92735941921209,28.171462739715214,1683477789515487670,2.1760664508755854,1.6397023556307964,0
31.505350558181654,27.176845146347706,32.55404817900549,28.344963712807246,1683477789616181850,2.080042687053746,1.56979861295297,0
31.39058031353077,27.206956009403928,32.36868797886444,28.42431081400172,1683477789715199947,2.0672886395533467,1.5616168945236926,0
31.21012546070597,27.24512530632441,32.179128336219016,28.495457573316028,1683477789815146207,2.1265760833439833,1.5818651493199236,0
31.085354458906647,27.266543666602985,31.995514622076268,28.57003464682372,1683477789915296792,2.1009972794655596,1.5898051006767364,0
30.8929998292266,27.292952941113263,31.608784810167315,28.65588252446405,1683477790015417098,1.9563227081797308,1.5394561338710013,0
30.76201053001006,27.306890486373806,31.409031460078587,28.693972681977403,1683477790116665840,1.9194570012514403,1.530566268185484,0
30.56239009777978,27.322513436030636,31.206823604899334,28.726385692600886,1683477790215180397,1.9628757812099469,1.5447174038852713,0
30.427688215105444,27.32950747176453,30.902396907920227,28.764846278434536,1683477790315358638,1.821744849907345,1.5118021805007424,0
30.223520181775847,27.336391508902448,30.695480922824668,28.782283377409684,1683477790415374040,1.844335738653774,1.5209701629245387,0
30.085959626600765,27.340067798739618,30.478154826579907,28.8036251665984,1683477790515169382,1.76859474363712,1.5151954474259777,0
29.877392660745794,27.34628718714156,30.048456823098547,28.818788133648344,1683477790615185260,1.5382905002821012,1.4824041234106253,0
29.736838997308045,27.351884464503843,29.823176162258026,28.83238006533432,1683477790715195894,1.439249086733001,1.4830109002060619,0
29.52370755627717,27.363735202158413,29.613232118620903,28.843591547941884,1683477790815298318,1.4132336055219576,1.4825617867119214,0
29.3802121243496,27.37362295340412,29.402682589085842,28.855098082056596,1683477790915557146,1.3338592510206624,1.4816455306858436,0
29.16478845744751,27.38939120477697,29.102897189934602,28.876623850959533,1683477791015460968,1.2454208960429134,1.4885198933388633,0
29.021149279259653,27.39957752725187,28.804774295942323,28.889015106878347,1683477791115494728,1.0961045860399776,1.5050722364754283,0
28.805571674514812,27.413057820181088,28.550873544441153,28.88966560754764,1683477791215396642,1.075270359539671,1.4984130589308706,0
28.66175161503664,27.420242162417445,28.369663497995855,28.89058233742118,1683477791316133975,1.0541548047396996,1.4990716121474794,0
28.44590151883036,27.428247705744006,28.196127602646555,28.8885916561549,1683477791415161848,1.1175767741142066,1.4815503578034372,0
28.30195404198373,27.432128612027057,28.01613364200417,28.887701770816275,1683477791515428304,1.092300568799643,1.4833699881122364,0
28.085994931406855,27.436303898027084,27.642801312708833,28.882400596002807,1683477791615169763,0.947302366526471,1.5124867746697606,0
27.942007388182148,27.43818961051825,27.482979936210146,28.873794005487063,1683477791715464115,0.9383214479070415,1.5072047573298326,0
27.72601459384858,27.43992995850543,27.315194925628255,28.869529742285426,1683477791815300941,0.9941067532557964,1.4874570049518963,0
27.58201766833004,27.44086906084577,27.148946978059268,28.864534231712597,1683477791915246248,0.971302748563701,1.4880768600817873,0
27.36612134357344,27.44327309097181,26.878301493472158,28.862579178541576,1683477792018068075,0.9067105060171142,1.5007991125948308,0
27.222538259727703,27.44611254928436,26.634986818803196,28.85912095786487,1683477792115183591,0.7960816816594947,1.5302971797829625,0
27.008397594424423,27.452675011191506,26.41167857511064,28.85403014181321,1683477792215157270,0.7692480924889085,1.5231118770893306,0
26.86679140855327,27.458800127188777,26.26915656152714,28.85810511772423,1683477792315228700,0.754349116575001,1.5215853137163768,0
26.656415688271384,27.469500598685457,26.12529389890402,28.861842786527276,1683477792415162324,0.8135211315212278,1.490203718685783,0
26.5174871678255,27.476506231614874,25.979819725992893,28.86489080838053,1683477792515443086,0.8099900398468485,1.4888579552823598,0
26.310650839371203,27.485852023743934,25.746678003385966,28.878265853498714,1683477792615413188,0.7942428161911275,1.5022921263927345,0
26.173879953373497,27.490410983789264,25.522187266291315,28.87853909821434,1683477792715626716,0.7221977084133541,1.5334937301644602,0
25.970724656907425,27.493387889558225,25.385751151200814,28.870894088683578,1683477792815657377,0.8228782565860874,1.496568518647729,0
25.83657939631811,27.493008583817307,25.240773803275417,28.865716985063717,1683477792915254831,0.8257189155191851,1.4964333127652,0
25.63642382039453,27.491305921065198,24.917513746193116,28.855569483209347,1683477793015168190,0.709393955103785,1.5420916839742458,0
25.50368797698517,27.490045101151765,24.786259755353104,28.845406051842353,1683477793115743160,0.7122449424597895,1.5335274891083772,0
25.305946899271994,27.48838107661688,24.64315923816261,28.841084964247738,1683477793215228080,0.7628123020231419,1.5063516492939117,0
25.174826975560805,27.488057770766016,24.50209215468716,28.835386003024414,1683477793315712451,0.7452282372050326,1.5059433935764113,0
24.978843264057527,27.489152811942127,24.274397099599483,28.840198187727648,1683477793415397644,0.7025932915091847,1.5236692574345294,0
24.848823187320363,27.49030059582802,24.06767969539205,28.839085103926582,1683477793515371561,0.6254018416559337,1.5586548060005567,0
24.655610333194332,27.49101176142476,23.88261104731434,28.832664517122566,1683477793616819143,0.6470892607087636,1.548405635756499,0
24.528327189653456,27.490162020954102,23.748947396334753,28.829634624080164,1683477793715381145,0.6501207004702624,1.549716011648203,0
24.33899299321146,27.487376410245723,23.616246724815504,28.82488142138659,1683477793815205097,0.7185367927577121,1.5202900457831086,0
24.213056408369535,27.48454320813489,23.478769898118188,28.820488517158847,1683477793915666341,0.7145351806954959,1.524443028728924,0
24.022430041989537,27.47900454048208,23.260963111059922,28.816341975020944,1683477794015855312,0.6983665114129548,1.5389292708628148,0
23.893593241790587,27.47394385251745,23.05129704828364,28.8064518965803,1683477794115341424,0.6301175569243348,1.5764011434557161,0
23.697273042681637,27.46318238563604,22.9228568264869,28.794630155074465,1683477794215374946,0.7262146898940129,1.540283622794171,0
23.564222467642562,27.453251655221486,22.70803488585482,28.77970623440555,1683477794315144777,0.6625141938257946,1.5787776682756545,0
23.36041240595547,27.436466520685233,22.580337405150914,28.764390844315315,1683477794415481328,0.7495881135944827,1.5400974047665417,0
23.22223305504732,27.425089972821567,22.35758811299738,28.748101762374848,1683477794515233993,0.6586421988761987,1.580497096204076,0
23.011669280309107,27.409779345327905,22.161101266969343,28.73211628817432,1683477794615193843,0.6581099088585033,1.5722725386309966,0
22.86987057355228,27.400871694678187,22.02941936090852,28.72886161639822,1683477794715468883,0.6565625662286884,1.5715964727067648,0
22.65523527171611,27.390400261119034,21.89693701097908,28.725514645247298,1683477794815327882,0.715687528526026,1.5354304513532993,0
22.511420586402785,27.384789891741246,21.76559842006412,28.721398899270394,1683477794915482997,0.7198727159688535,1.530612407766955,0
22.295540241558722,27.37760199807348,21.544302714745257,28.7336852858859,1683477795015302419,0.7094098672774598,1.5502643984743238,0
22.151647286925552,27.3720566022695,21.336352971859725,28.73295131448388,1683477795115419626,0.6547741370069418,1.5864234106668125,0
21.936406879014548,27.35984948133254,21.209885229581,28.724981005867996,1683477795216536760,0.7819115573733786,1.5464209602744465,0
21.79351907559209,27.34828897263633,20.99058720951444,28.71356145730496,1683477795315165996,0.7280819974157925,1.583877690655497,0
21.57989904307897,27.329014589758025,20.857722782738918,28.698145523321458,1683477795415116786,0.8204799837428204,1.5479205613464218,0
21.43902498280017,27.316516742022827,20.715783304313263,28.68493359362001,1683477795515434026,0.8110432427159819,1.5477865502825972,0
21.23052916067291,27.301697847463863,20.402566936928544,28.671245359043752,1683477795615208387,0.6727485686350578,1.6003692793922215,0
21.094405435997153,27.29508061954325,20.28346867197567,28.666516682786373,1683477795715398073,0.6669616268804244,1.5932530592487288,0
20.896548508807655,27.28977599016696,20.15094732455056,28.666851239250626,1683477795815356492,0.691821599483174,1.565968507858451,0
20.767913348665747,27.28956120704326,20.02045866731842,28.665177123301948,1683477795915428400,0.663199573719094,1.5655694330601457,0
20.57709334000817,27.292710099767692,19.763908388318658,28.693406591500832,1683477796015931367,0.5738819059408133,1.619635893529097,0
20.450635149607905,27.29549679529935,19.65201249512164,28.69421329087637,1683477796115264177,0.5896219615340983,1.6106538980358098,0
20.262177827441523,27.29703678183539,19.535519493332746,28.69890177296482,1683477796215150117,0.6815018227453306,1.5790053159771364,0
20.13583211794086,27.297006647559712,19.339700467292488,28.7036380758266,1683477796315493106,0.6175472395367825,1.6163036781967206,0
19.944106617309956,27.297058040521463,19.223046252762767,28.699521363010643,1683477796415168046,0.6960655059625266,1.576969061284435,0
19.81522946356775,27.297183294062272,19.100464225439506,28.697784526486565,1683477796515581130,0.6947785406659162,1.57244178203995,0
19.618795397125854,27.300189077584434,18.82953186430896,28.708464043619397,1683477796615622997,0.5958702522630966,1.6143652945338542,0
19.4864189921702,27.30341363663697,18.71905401194934,28.709325352801912,1683477796715422868,0.6145895403843264,1.601698088442142,0
19.287238572973497,27.30816220235418,18.599139327758916,28.713483082281776,1683477796816086769,0.6940294812895144,1.5647387471476992,0
19.153650914477723,27.311725725716396,18.478133618720435,28.716897928345702,1683477796916369915,0.6985714317859087,1.5591127399612044,0
18.95120334730076,27.318558824998206,18.210964531744548,28.73378788543181,1683477797015114545,0.6252714612613602,1.5971308016414438,0
18.81552922146821,27.32287875469723,18.096237077918985,28.73349230917308,1683477797115502595,0.655644917254214,1.583417755313687,0
18.612660010386755,27.32627491578856,17.96941448415426,28.736133147512028,1683477797215159893,0.7539860010309756,1.5496661061585313,0
18.477323539220354,27.32707237270311,17.84770965883443,28.738570632826026,1683477797315440893,0.7763397461707566,1.5455552324988708,0
18.272352690809775,27.32857536323774,17.553778379759564,28.73898658567069,1683477797415155649,0.6840980290757116,1.5829115126456375,0
18.134511132353285,27.329322530612405,17.434282967772937,28.735438487307647,1683477797515424728,0.7102597813770405,1.5708219396687007,0
17.92698096486262,27.328148890034207,17.298145982869208,28.734292553550304,1683477797616075992,0.7973608534667533,1.5403484790868345,0
17.787389702731865,27.32656144942906,17.091285515709767,28.732861977414036,1683477797715157508,0.734119096463334,1.5691533431123021,0
17.575418556418263,27.323837137484595,16.96065418685924,28.727458012319087,1683477797815149307,0.8203215785712291,1.5323468244331782,0
17.43304891744034,27.32149381267029,16.824197167916438,28.72341811019214,1683477797915446281,0.8275168851644298,1.5284280123317688,0
17.21812564288643,27.318806258488706,16.519246530448953,28.727289054132704,1683477798015134572,0.7302427039888777,1.5723408661694604,0
17.074909120191656,27.3172430548948,16.39830428374763,28.721655946117163,1683477798115494489,0.7558844319791265,1.5589001487366037,0
16.86206068119703,27.314075319641002,16.257684008176128,28.720408355797193,1683477798215254306,0.8321039815463555,1.5307004185914708,0
16.721404243188072,27.31212742291037,16.121940055847283,28.718392450089194,1683477798315392255,0.8315219488155404,1.5287048893002262,0
16.511405692301963,27.310334771077304,15.826153643718563,28.722345010582593,1683477798415782928,0.7400864111819183,1.569504153086423,0
16.37201317284214,27.309100387530382,15.695513549534073,28.717676813356285,1683477798515626430,0.7533767981639473,1.562606568438912,0
16.164470815705933,27.305084887683407,15.560267306219496,28.71609532528753,1683477798615143060,0.8422314087530052,1.534930726744209,0
16.02647612031712,27.30128175377346,15.42400273443614,28.714090389329108,1683477798715550899,0.8517815989704203,1.5359044310748986,0
15.818928924029084,27.294765137945518,15.191205086812996,28.70923851403523,1683477798815217494,0.833670194184376,1.5475051364941963,0
15.680267729630028,27.290041211188196,14.975816625918917,28.701907848000285,1683477798916110038,0.7587809313209014,1.5778525779244659,0
15.472458832450142,27.282932708339867,14.842385634914162,28.69414343039673,1683477799015478849,0.8347354309485975,1.545479840147215,0
15.334340178825741,27.278450703939924,14.623410766218296,28.68916976371956,1683477799115312337,0.746056580496531,1.5797306401206193,0
15.127343884445857,27.27354656543399,14.49839043404998,28.684084400694616,1683477799215845108,0.8169421864701066,1.5444090868246705,0
14.989836223133619,27.271423842266824,14.282250419876348,28.685073300832574,1683477799315164327,0.7231803339751536,1.5808486520456266,0
14.784248512154404,27.26971801460393,14.095360641691048,28.68331373609073,1683477799415142297,0.7392247801353172,1.5725200672415358,0
14.648417689767642,27.26797694745302,13.96290819859296,28.68451877075375,1683477799515405654,0.7483927076034148,1.5736943793668252,0
14.446518232573993,27.263784632588745,13.830029135023016,28.6830448460307,1683477799615206003,0.8327513651433588,1.5473714359708601,0
14.313163178137248,27.259668395539528,13.698923322199887,28.682263711802726,1683477799715341091,0.8463360987183759,1.5495380067865192,0
14.114313806028193,27.25213713103076,13.47262585313045,28.677918749130182,1683477799815154075,0.8325300581748396,1.5635269909420493,0
13.98207876363336,27.24598167563894,13.255102233774657,28.66895012227466,1683477799915295839,0.7576363750112117,1.5979155406611043,0
13.782912963548876,27.234700800655666,13.12695526878732,28.65837098286122,1683477800015205383,0.8495868067652165,1.567519468784389,0
13.648886512108888,27.22571225048601,12.991930282174277,28.649227687079424,1683477800116484880,0.8563513572827854,1.5677970807058037,0
13.443779069992953,27.211429025540472,12.689448183232582,28.63193965199647,1683477800215152025,0.7636594096632356,1.6083735656230786,0
13.303965510724044,27.201187776334592,12.562560020143042,28.62019625651012,1683477800317016601,0.7837011727096278,1.6010206645367562,0
13.091289148877127,27.18415838502436,12.422400614085644,28.610288270628704,1683477800415466785,0.8637588315072905,1.5752010419592015,0
12.948194429857937,27.172899098649296,12.291320716387917,28.60059018722009,1683477800515477418,0.8701493849869265,1.5715549369437738,0
12.732653184913378,27.15886944321045,12.059986911149538,28.590985450813246,1683477800615455627,0.8286324216122013,1.5822250709338113,0
12.588830826955125,27.15173405783507,11.844690981780683,28.585171199338998,1683477800715352058,0.7391275440928666,1.6150808486943273,0
12.374348701099697,27.143336959372032,11.724048496690042,28.58205560980047,1683477800815451860,0.8206912563459324,1.5788608903085366,0
12.232791080048722,27.138910115988704,11.512881336989796,28.583537493861368,1683477800915164232,0.7352902868608046,1.6140688644077166,0
12.021689994821687,27.135189593093564,11.394501416843745,28.582643538504417,1683477801015150785,0.8091141909039686,1.5774943538508899,0
11.882119271130044,27.13411987521094,11.187863794909987,28.59033649392704,1683477801115596294,0.7269601000923182,1.6132444039532559,0
11.673927013461247,27.135280119423157,11.004118741748597,28.59346757125809,1683477801215141534,0.7338737952498592,1.604666247399607,0
11.536516709554153,27.136898989809403,10.880652042664373,28.600163540130662,1683477801315663337,0.7408653263910676,1.6035278624025588,0
11.33170862891697,27.140661065237655,10.75156984789397,28.60571404323096,1683477801415470361,0.8067547321003269,1.575735140680028,0
11.195613401187092,27.143769868760945,10.62495708924639,28.611178562010096,1683477801515501499,0.807382310831483,1.5744640038377968,0
10.990897747781815,27.1499164689983,10.351675159628098,28.63225662785508,1683477801617200136,0.7312311013922772,1.6142917529881298,0
10.854285250228408,27.153957215457076,10.229490397584932,28.633058310423795,1683477801715151309,0.750954200330348,1.6056489831284821,0
10.650293547936718,27.15735540109626,10.104812717772715,28.636867316367987,1683477801815876722,0.8520081839394988,1.5768655121814985,0
10.51429522062399,27.158706202403696,9.97745755019156,28.6406410022611,1683477801915546178,0.862916128277408,1.5761743036300646,0
10.309081804664777,27.16186718389577,9.756274479145633,28.643015388241455,1683477802015186071,0.8374777365062932,1.5809477987536713,0
10.171710136485016,27.16453433945297,9.552774308645661,28.647355964292753,1683477802115665197,0.7688114037382504,1.6068109814398461,0
9.96570755450944,27.16825674992702,9.4267567582858,28.64684000771306,1683477802215267419,0.8542907363640072,1.5737459804413383,0
9.82879705065717,27.17007223748302,9.21718640094971,28.651650708967296,1683477802315343379,0.7827259945807202,1.6028544394302515,0
9.62303327190095,27.173123095328428,9.093310494231,28.649857601304575,1683477802415247201,0.8681730293264048,1.5688693452046862,0
9.485656440026993,27.174980709042142,8.963234209183373,28.64975781603569,1683477802515162229,0.8714206877826733,1.5645742240596605,0
9.277880769135786,27.17903043329,8.749230065128769,28.659075042161255,1683477802615386009,0.8549369064218825,1.571624513392428,0
9.13820440604157,27.182384063618542,8.539676483311005,28.664636097697777,1683477802715568065,0.7815076328320875,1.5985326918209064,0
8.927841794539475,27.186811568965272,8.415237932972182,28.66455197702099,1683477802815551280,0.877546085379635,1.564122575917369,0
8.787503727462212,27.188883979971713,8.290864888389944,28.665671664922638,1683477802915463685,0.8949916528137716,1.5580603335229868,0
8.575499497723822,27.193756935668322,7.991401674605556,28.675311211893593,1683477803015316009,0.7925146723017574,1.5925367626440792,0
8.433741486028373,27.19780853654535,7.868882506360773,28.675591503093944,1683477803115425348,0.8093475886517069,1.5820582047232927,0
8.222064079590334,27.203285906792914,7.739829679402439,28.679474836565497,1683477803215717554,0.896754435474654,1.55295968173926,0
8.081212774438711,27.20737675414446,7.528902529491644,28.68681207397967,1683477803315776586,0.8170263177348727,1.579169234835014,0
7.870108812540117,27.214846960385653,7.405121613624458,28.688690285463466,1683477803415119886,0.8978953570145412,1.5454537333844232,0
7.7298612502526804,27.220148628578887,7.192439714098567,28.699667079302145,1683477803515364885,0.8195923978879283,1.5741018879198378,0
7.5198993841810875,27.229020382493328,7.002071951325435,28.703809559356326,1683477803615164041,0.8369401958732005,1.56305737783682,0
7.380749203698061,27.234709940529566,6.867653051076819,28.70999200711321,1683477803715832948,0.8417732608270427,1.561961855429905,0
7.17292174632105,27.24333037789307,6.736262976105921,28.714567095391324,1683477803815254211,0.9164555721621161,1.5346688113468734,0
7.0343519549105,27.249483014868602,6.604552935057461,28.719416756683803,1683477803915468454,0.9168645470366237,1.531480461120373,0
6.824319018756227,27.26076022604504,6.3849159026850995,28.735087673563438,1683477804015369415,0.8925058636257552,1.5384136377837827,0
6.682333995019559,27.269494917749412,6.175514499440564,28.7471195824836,1683477804115153551,0.8166019470436743,1.5621269637675945,0
6.467042097282125,27.282417014931486,6.053917167048617,28.750990198259526,1683477804215320110,0.918416378534251,1.5255751055817257,0
6.323268171008399,27.290478070024644,5.842835552204259,28.763521002104184,1683477804315578460,0.8497626180350611,1.5494098815227986,0
6.107666873792751,27.303595724996025,5.717580324553408,28.765968991370332,1683477804415376424,0.9366534283045916,1.5135068834014989,0
5.963941141865777,27.312472737723706,5.587321574010715,28.770395444191486,1683477804515391826,0.94524543594644,1.505782493232562,0
5.748528530194322,27.328369641369296,5.289955252957045,28.797396109680705,1683477804615143537,0.8420165402863601,1.538937365585626,0
5.6053252773287845,27.34011166551731,5.168365087907865,28.801105262604846,1683477804715373039,0.8601526326492476,1.5249381947703804,0
5.393194140733034,27.35713872117496,5.037513628438519,28.810822882067484,1683477804815455913,0.9442202503991485,1.4965648220026735,0
5.253269961880827,27.368410700798194,4.823745007788398,28.827190517295527,1683477804915126085,0.8663116213207774,1.520700575132428,0
5.044701034908336,27.385001148002083,4.702271358955181,28.830939028739746,1683477805015136957,0.9629577950521067,1.485932178104205,0
4.906652489019465,27.394712745024925,4.487112131900341,28.845573057530814,1683477805115635633,0.8944831766800282,1.5103012142140142,0
4.700085824569608,27.407581861711254,4.289600451755859,28.84808403025573,1683477805215654611,0.9232444461364031,1.4978467007258727,0
4.5630769777183415,27.41386631675906,4.148281401461298,28.85147231719086,1683477805315488576,0.9376969208690548,1.4962507752913405,0
4.35779666688824,27.42220462557475,4.00731977422012,28.85148385926669,1683477805415611505,1.0050768370582293,1.4716226351063373,0
4.221127206525252,27.42857240160282,3.8688614229679557,28.85264284312037,1683477805515460491,0.9913663419701575,1.4669927759430945,0
4.015973817018383,27.442087038314867,3.638174383924502,28.867264361231328,1683477805615353584,0.9317432604436993,1.474402527602754,0
3.8793219288875362,27.454374664413617,3.4326487627251545,28.881278613307106,1683477805715076446,0.836112846092689,1.495182863979306,0
3.6758611978994056,27.476713981965446,3.3142707218712664,28.889781252286763,1683477805815878629,0.8931059127200203,1.458597539696127,0
3.541313626073085,27.493870818765615,3.188202836006061,28.89866228613464,1683477805915541172,0.8820966681679686,1.4484910413442607,0
3.3392253496207083,27.52417443130698,2.926694721472721,28.947744113248724,1683477806015692710,0.7878195363993782,1.4821376989011135,0
3.20454243102641,27.546265823912506,2.81873599531663,28.952710196281636,1683477806115601301,0.8119715555642029,1.4584006234241262,0
3.0036740301200746,27.579644744991775,2.699410983935456,28.96944312151107,1683477806215638160,0.888068250503161,1.4227141415791194,0
2.8695198778607476,27.602963484102492,2.5078248675983668,28.996627083282956,1683477806315379858,0.8192564757278032,1.4398338474037022,0
2.667391293394714,27.63913467149985,2.3992063182806294,29.00359164012418,1683477806415571451,0.9249739987163367,1.3905631952933468,0
2.53257616071774,27.661490884225042,2.2807390398657414,29.014682189807676,1683477806515182495,0.9527132741294441,1.3764260404916266,0
2.3281836418218638,27.69346358133583,2.00476304262895,29.053447726044055,1683477806615853071,0.8982623731490783,1.3979119277837444,0
2.190784579549446,27.71241241317882,1.8799763140505807,29.044544863255556,1683477806715576410,0.9411001281816623,1.3679103195933047,0
1.9840948090781305,27.734746661776644,1.742616141176578,29.053811444224053,1683477806815761804,1.0543691768525794,1.3409861473350644,0
1.8455360407644583,27.746206200354578,1.5191929273572247,29.05691580952059,1683477806915762186,0.9933229562224206,1.3507255484473684,0
1.636596859763072,27.760915852627708,1.3749132527125263,29.052857215743572,1683477807015426397,1.078691648691578,1.3181770730553088,0
1.4974087473067592,27.769043335440767,1.138592557274291,29.057775513699923,1683477807115371942,0.9934075450879957,1.337751727903951,0
1.289230615949048,27.779734043002453,0.9252572101111387,29.052337183767587,1683477807215809345,1.003044714367552,1.323629628726455,0
1.1514511802969485,27.785802387044843,0.7692752493034593,29.056150003499212,1683477807315142393,0.9910851189552884,1.326590181202182,0
0.9462029233355516,27.7946616184345,0.6189639558579791,29.054895861602745,1683477807415584087,1.0446042241581077,1.3020275302349131,0
0.8100306191009354,27.801484954888313,0.47154533291862677,29.05471130081854,1683477807515490055,1.0263425355753,1.2981327216797005,0
0.6061643065981174,27.814886526111398,0.1576122747486837,29.07674996263161,1683477807615243673,0.8952056552287455,1.33921553818004,0
0.4706059400382546,27.82624975302089,0.02594200041762343,29.069528985760385,1683477807715858697,0.8902432999411862,1.3204049643046072,0
0.2683439539685224,27.846590439186546,-0.11220358260262871,29.08145727161795,1683477807815521478,0.931714988137849,1.2921735647464472,0
0.13351016426464923,27.862092082779128,-0.32579277030894005,29.09931141405565,1683477807915140867,0.8477876911310676,1.3197237814755902,0
-0.06973098400932147,27.886163885700753,-0.44659334365577397,29.09606609537507,1683477808015495777,0.9362781762134237,1.2672365979141706,0
-0.2063372365248064,27.901679375194227,-0.659850376551635,29.115585215723573,1683477808116232156,0.8665324522050283,1.2958555312411382,0
-0.41466857250949996,27.92409713907654,-0.8626445404318567,29.10717035047381,1683477808215223550,0.8931506273723615,1.2650473079540645,0
-0.5558835536869788,27.937653003228625,-1.00374348077383,29.11903882305887,1683477808315445661,0.9022231988433363,1.2634282605618001,0
-0.756245073681605,27.93594887764566,-1.1472463180991763,29.116093435811376,1683477808415328502,1.1817709397627472,1.2432309324112876,0
-0.869006255285895,27.903858444252762,-1.2877267734556737,29.116650868664802,1683477808516603469,1.4178012171591519,1.2830402710155289,0
-1.0120682122673537,27.820565092135332,-1.6442866503638203,28.93692598143403,1683477808615314245,1.5567820840538378,1.2829504232919189,0
-1.0922199979964735,27.746396475830977,-1.9443821372946255,28.779265578911247,1683477808715308904,1.5448900042888982,1.3390290869697503,0
-1.1927065557626986,27.613867482994802,-2.1180605491697273,28.643271801427883,1683477808815267801,1.759409452058084,1.3841796357131577,0
-1.2485128428316004,27.514478429125344,-2.3613410606389578,28.411083880833687,1683477808915256500,1.6837660626127013,1.429086413895752,0
-1.3190246881845256,27.35320027713853,-2.4991646150159075,28.234982736098953,1683477809015192508,1.7968892406055421,1.473183814678898,0
-1.358963141700054,27.239613626706223,-2.6909714290864435,27.957221510277826,1683477809115182638,1.6697010412895477,1.5130126080869706,0
-1.4106918129619517,27.063006403585668,-2.8500181129235367,27.658252544692687,1683477809215090036,1.6137753385208862,1.5575551888340597,0
-1.4408791557112821,26.942474046533754,-2.9269937531261734,27.460223982147156,1683477809315533876,1.5731487034959715,1.5737222094376462,0
-1.4808080755291089,26.758343563684488,-3.0048641309423014,27.251768552298334,1683477809415613651,1.602729729852275,1.601941034941734,0
-1.504091575296948,26.633199210151478,-3.083876461077018,27.052932349171527,1683477809515890598,1.5619918383080218,1.6345935865929406,0
-1.5343492143333197,26.441664939982715,-3.1841580089861017,26.631936468968224,1683477809615974664,1.3839593649265662,1.6607445058334978,0
-1.5515770642881845,26.31132390243516,-3.217706746639438,26.449334125469136,1683477809715576648,1.3649998688799039,1.6718357993755775,0
-1.573266263638929,26.111738795358924,-3.2496598960231475,26.260440288717003,1683477809815476417,1.4211893869207493,1.6829758598462656,0
-1.5852130831171072,25.976408462331314,-3.284615803212997,26.070644479271905,1683477809915637254,1.3946609145484883,1.702013522848199,0
-1.599938726414784,25.77140625341763,-3.30989212113646,25.767491098039923,1683477810015594005,1.3301983148346384,1.7099578768384371,0
-1.6079215890425709,25.634085869042348,-3.3345027800283162,25.48526603794507,1683477810115412950,1.2078893095735859,1.732982963330447,0
-1.6175740239307579,25.42806925944171,-3.3487263226209545,25.219199950081844,1683477810215528488,1.17239060749615,1.7437071628151382,0
-1.6226644874480936,25.29113302475168,-3.354186688660668,25.03946611047418,1683477810315308809,1.1435065858948907,1.7497157966464147,0
-1.6291881220184963,25.0863930762041,-3.3582571029405477,24.86794426981163,1683477810415838003,1.182748832076985,1.742813650910824,0
-1.633563262874005,24.95005701349358,-3.3635180855233635,24.691133067710123,1683477810515665292,1.1408219897340413,1.749224198925869,0
-1.6411720976887745,24.74541550315085,-3.369278643998092,24.4220411592558,1683477810615963220,1.0649978298333185,1.7581021590586452,0
-1.6473851698234117,24.60875338091319,-3.3758571658967673,24.16471060243188,1683477810715506315,0.9352665998219915,1.7845978343400537,0
-1.6588006266076336,24.403328179294313,-3.377831492032221,24.0234559608534,1683477810815520763,0.9740488531241529,1.76050277438737,0
-1.6677120727301877,24.26618633204894,-3.380614034775687,23.872758735916744,1683477810915437936,0.9459035411043187,1.757503458027232,0
-1.683077853841217,24.060178276085146,-3.398252036866813,23.632332155421576,1683477811015298843,0.8935657697336922,1.7677315353538239,0
-1.6944169202501131,23.922781641839215,-3.4102961614774205,23.403622412896354,1683477811115216732,0.7945233096788049,1.7926984898390879,0
-1.7120654803188207,23.717221407177362,-3.417205144186393,23.207618137575718,1683477811215492725,0.7993839273431212,1.7796619807376637,0
-1.7238014101546006,23.580823302381706,-3.4242801581012343,23.06643226392781,1683477811315122842,0.7918383124841255,1.7765770776017094,0
-1.7411421250119477,23.376784749055478,-3.430682186116561,22.92669929155429,1683477811415419816,0.855608402460597,1.7484629069932924,0
-1.75231281022315,23.240725412895735,-3.4370951336840068,22.787841054343378,1683477811515635728,0.8564248729317407,1.744590416019629,0
-1.7685508836978823,23.035799021247357,-3.4502144221499327,22.557634218026084,1683477811616131544,0.8386083706455715,1.7483231496490312,0
-1.7785101809529757,22.89859620255023,-3.457679895330498,22.340090470735124,1683477811715588092,0.7705959388689454,1.7696156594450154,0
-1.7910833613070136,22.692215059888092,-3.4571042758519344,22.211854559364397,1683477811815483570,0.8725112998007232,1.7338892404546689,0
-1.7977539651905885,22.554590143966735,-3.4597047832543737,21.980339943329305,1683477811915357589,0.7919748001575506,1.7583639596497118,0
-1.8065651320277485,22.348303634159468,-3.45602946084265,21.846407351260382,1683477812015523910,0.8747282258581862,1.7241323762463,0
-1.8116364911175662,22.21144839547077,-3.4561008545064174,21.623618504681865,1683477812115201711,0.7935778524893219,1.7463696696177466,0
-1.8187826143554326,22.007414229206532,-3.45191059497541,21.417797542126774,1683477812215134620,0.7955222086208551,1.7363049383005265,0
-1.8230565791715738,21.87271985780786,-3.451223890057484,21.279226400450728,1683477812315564393,0.7947188442788469,1.7329637261533133,0
-1.8290669585659483,21.672118093029383,-3.450002201456246,21.13672733857884,1683477812415490627,0.8531222171364087,1.707065998019687,0
-1.8328924115222975,21.538687630660196,-3.448811333669987,20.996384493522292,1683477812515273332,0.846040335998843,1.7044901453233932,0
-1.8388954934001303,21.33779705874367,-3.453067236596371,20.695627554360478,1683477812615127563,0.7459215089102605,1.7372196432497957,0
-1.8427593219942995,21.20320796170501,-3.4499876815457395,20.56704460236309,1683477812715234041,0.7555012988838861,1.728550496663494,0
-1.8469849932766629,21.000796399282148,-3.4493469444599762,20.430507416620287,1683477812815271854,0.8350507095242943,1.7008213740265306,0
-1.8497471570250235,20.865091635627657,-3.4483333777188028,20.290863279090363,1683477812916361808,0.82290113284095,1.6985923909059355,0
-1.8561174100095097,20.660065416710008,-3.449662838682433,20.072083620448492,1683477813015209913,0.7846157185852407,1.6985610457028884,0
-1.8623853021285368,20.52265026699625,-3.455019222054752,19.859915558530815,1683477813115600585,0.6900897145031294,1.7250217670233348,0
-1.8741332921692313,20.316685218089987,-3.4601811897043473,19.67860108161061,1683477813215551137,0.6955224579869657,1.7095903890997386,0
-1.883107754639446,20.180119938382106,-3.468513355118026,19.551745770335298,1683477813315488338,0.6911243413813312,1.705392920443076,0
-1.897585246695307,19.975371380230044,-3.4771007086547523,19.42598704044314,1683477813415240287,0.7661607077203496,1.672331380848919,0
-1.9067613285160563,19.83806360943766,-3.4852075804144866,19.297823482548097,1683477813515234708,0.7800791631488322,1.6683380846920255,0
-1.9191998038668958,19.629117829946438,-3.502499793845071,19.083053782352565,1683477813615386724,0.7949638690875156,1.6748208269362705,0
-1.9253620131243576,19.487607188337183,-3.5096797269613536,18.87922991915418,1683477813715925455,0.7581960911271705,1.6971109333323653,0
-1.9296176508015397,19.27225402838962,-3.506577406540375,18.746522042396474,1683477813815865039,0.8892469601964371,1.662286435099615,0
-1.9286702744868904,19.128257740440088,-3.506073543307934,18.61339076788034,1683477813916610479,0.9295886015057288,1.6593037913294097,0
-1.9244996284150153,18.91229945932602,-3.493414753961675,18.364585501337622,1683477814015731811,0.9191813326995026,1.6617717204671671,0
-1.9200041928965188,18.768369932561757,-3.480759592365184,18.129251980233082,1683477814115096569,0.8439508913713143,1.686543558275146,0
-1.9105984054415075,18.552577349519677,-3.463969254046769,17.920030430309055,1683477814215260267,0.8753728345288845,1.6772228827140057,0
-1.9022296216010137,18.408821068043622,-3.4520660566492998,17.770575456326945,1683477814315432786,0.887197507524437,1.6761117016114335,0
-1.8876252613756501,18.19331592879439,-3.438998680838922,17.62316950403935,1683477814415578603,0.970228578567271,1.6528237753245565,0
-1.8772582257872303,18.049689592587672,-3.4261876012725025,17.472134080198053,1683477814515198707,0.96529444487413,1.6531039229681934,0
-1.8617974467380856,17.83424366635552,-3.402451763904128,17.145588516679585,1683477814615772962,0.853708178837691,1.687560855251611,0
-1.8516295765097726,17.690603129652587,-3.390730861838135,17.012443302054795,1683477814715511798,0.8643073464192608,1.6818839193793622,0
-1.8361333614570052,17.475206693291582,-3.3800512503995925,16.862263003456015,1683477814815771818,0.929063102246163,1.661138890853554,0
-1.825885783520592,17.331887143037882,-3.369474124493027,16.721230447627637,1683477814915553092,0.9297021234078551,1.6599899294981868,0
-1.8110913194135223,17.11762164658941,-3.3579630734943833,16.481578187320373,1683477815015164613,0.9012537843608395,1.6725320641626342,0
-1.8014565267396665,16.975690795856146,-3.3495135282183788,16.33045289259686,1683477815115259408,0.8930306448105935,1.6771441296530545,0
-1.7868112475927584,16.764992980420054,-3.331999870743192,16.041055561306635,1683477815215438365,0.8200661567254474,1.7063684443595792,0
-1.776755877871262,16.626341333176107,-3.3213682161456677,15.909161111131027,1683477815315948724,0.8332135099303384,1.7029899431418136,0
-1.7611561120959536,16.421184259231133,-3.3112326127414993,15.769108664352043,1683477815416714429,0.8979241189096328,1.6816479237017656,0
-1.7515782365633517,16.285278605820462,-3.301153036802288,15.63023081073385,1683477815515582323,0.8837599036483446,1.6823405349046818,0
-1.7401397254221522,16.081247201395968,-3.2921326573773393,15.402730935834017,1683477815615324735,0.8315269639323049,1.6938318639909318,0
-1.734711017288671,15.944815048820637,-3.286898593969871,15.197836144392458,1683477815715507268,0.7433656289729766,1.722574746379436,0
-1.7288761982834469,15.739944739743645,-3.2848847440222593,15.074992919782186,1683477815815109729,0.8088767500260982,1.692135785710553,0
-1.725692200809526,15.603117914637458,-3.282349594561277,14.9466500784992,1683477815915366411,0.80656313559742,1.6894177285106373,0
-1.7216329250898066,15.395882454174153,-3.291423244395041,14.67721481834899,1683477816016085386,0.747658266566986,1.72647757511268,0
-1.7182275318331592,15.256344219743047,-3.2877861563916126,14.554409774745263,1683477816115135669,0.7768753447688308,1.7193679771939951,0
-1.709543213631974,15.045583275472644,-3.284811222707073,14.421629885999854,1683477816215424776,0.8842446638053347,1.6943397335392953,0
-1.7017626116783908,14.903331534394074,-3.2773452308704583,14.212282512917183,1683477816315700769,0.8361665067772034,1.7204677677841873,0
-1.689735623576587,14.687744989440496,-3.2681830682803956,14.058098494346206,1683477816415657758,0.8937561658159514,1.699397259170588,0
-1.6823413197374293,14.543935055398235,-3.2583788878982887,13.848919885161294,1683477816515899896,0.8225844847546319,1.7224809151668066,0
-1.6722100558070572,14.328807172303193,-3.2488923386032167,13.657508271817042,1683477816615380048,0.8402570710161685,1.7136420964358996,0
-1.6660067752807581,14.186778292749333,-3.244785445926314,13.517976917520954,1683477816716001272,0.8338938054027112,1.7145953955358444,0
-1.6590653988161916,13.976241483887705,-3.2417095945193295,13.386529142347005,1683477816816243886,0.890063480231408,1.6889414720345544,0
-1.6564603015857942,13.837910749555213,-3.2379248842948787,13.249234184491213,1683477816915179491,0.8673251345224825,1.6874745404357274,0
-1.6562490970356227,13.633736449457425,-3.2480820071583083,13.039652523761267,1683477817015181541,0.8284840463718584,1.699078492748412,0
-1.6582509907598897,13.500408785999628,-3.2568938092677073,12.841152064292709,1683477817115723371,0.7474220647852698,1.7292421132630251,0
-1.662865812708501,13.306061316468556,-3.2613355968350275,12.72505583898898,1683477817215639352,0.8124610602688224,1.7007859993622871,0
-1.6665973440951052,13.180770586327489,-3.2734183132121277,12.53208870428036,1683477817315616607,0.7330760783470613,1.7328190358171773,0
-1.6736680273088596,12.998096619230685,-3.278641846985398,12.41834189485266,1683477817415113925,0.7911462220303713,1.7064748759608912,0
-1.6783144538184973,12.879372498270195,-3.2849174855408254,12.29742340847033,1683477817515389680,0.7862338709672867,1.7087533598089184,0
-1.6856416435354888,12.704066771981477,-3.3009558681692237,12.104583663388762,1683477817615469932,0.7671816259798657,1.7229683809612029,0
-1.6901097499665527,12.588747746748307,-3.3106161604527107,11.925072730232234,1683477817715150117,0.7158573979123976,1.751144070022322,0
-1.694592651898714,12.418140027583043,-3.311323432877654,11.809396709029139,1683477817815623760,0.797186063777219,1.727537798732286,0
-1.695805630647297,12.305240552419807,-3.3132554487651715,11.618630708278628,1683477817915832757,0.7361176687516728,1.7571502474749048,0
-1.696716542318371,12.134134785909376,-3.308933062954143,11.506448387644737,1683477818015364170,0.8091731305002399,1.7300960447262315,0
-1.6963255858133197,12.018199251585337,-3.3066500433258863,11.394737923969792,1683477818115560054,0.8198376628346802,1.7268030824316012,0
-1.6960870576994123,11.838789725788187,-3.3034728410020002,11.124977392040348,1683477818215394973,0.7262634732913917,1.7587544183807502,0
-1.6956560100492357,11.715209478353197,-3.300623566408427,11.01975892429781,1683477818315322399,0.754484566252812,1.749163322877981,0
-1.6927173943708873,11.525669447134607,-3.2978356812047873,10.899802489530204,1683477818415560960,0.8424388328301188,1.7228215703750596,0
-1.6902261501009523,11.396930821941332,-3.295173142336388,10.78356372217172,1683477818515209913,0.8532182303186638,1.7181600760596658,0
-1.6880683805862997,11.200225886347372,-3.2910682374803666,10.57597828196465,1683477818615596055,0.8229501731881614,1.7202597515433438,0
-1.6876286913800347,11.067420238320437,-3.2918058965951937,10.387927927956282,1683477818715456008,0.7631893138813257,1.742152205054408,0
-1.6871291946708362,10.867410242407127,-3.2913416002226006,10.214638282945273,1683477818815652847,0.7924017293443786,1.7319378375639947,0
-1.6860705716497497,10.734306801035654,-3.2920738307540427,10.092455572881633,1683477818915385246,0.8102647287510345,1.7295142287175425,0
-1.6846607049791902,10.534453213751746,-3.2914908490775656,9.967855512037112,1683477819015335321,0.8811740370847465,1.7038004776297933,0
-1.684109894878462,10.401016387024464,-3.2912475009689772,9.843601355691893,1683477819115278959,0.8810802549394565,1.7010593176211823,0
-1.6853805242002564,10.199666692316212,-3.3003958202962753,9.57105094759393,1683477819215667724,0.7941316897388373,1.733041303932731,0
-1.6868535693194717,10.065141114460634,-3.3027909299290723,9.455980120625714,1683477819315190553,0.8141509559449859,1.7269425786122332,0
-1.6875648181139058,9.86381304706873,-3.3059596777052835,9.334878323759202,1683477819416334629,0.9040355603847886,1.702637325760927,0
-1.6877321996213968,9.72897042998326,-3.3089799745003057,9.214285325676101,1683477819515638351,0.9169425915456887,1.7009835696283147,0
-1.6901380811019877,9.523674103225476,-3.3160140917055627,8.931535488930423,1683477819615614891,0.8223908841021794,1.7303470577879632,0
-1.6922861315344155,9.384949383071474,-3.319552111691263,8.817851340992306,1683477819715540885,0.8517388075858804,1.7232512177584127,0
-1.694218289068616,9.174762624162154,-3.3229994055830683,8.688623074219688,1683477819815285682,0.9392729105342741,1.6997822176774087,0
-1.6953600235004478,9.032881255540987,-3.3292447460482717,8.483225758564041,1683477819915500879,0.8736079248637751,1.7238620745094875,0
-1.6985752421365299,8.817240114834583,-3.331234992596851,8.360423635304407,1683477820015588760,0.957716744711232,1.6953640189479964,0
-1.7013281511837568,8.673267019038331,-3.3400294936447037,8.156692039479353,1683477820115140676,0.8876271316207737,1.7181943427009845,0
-1.7075378001761399,8.457356473047764,-3.344950967123899,8.035298503116485,1683477820216085195,0.9653484182537861,1.6909331179193348,0
-1.7125372813726745,8.313444531830793,-3.3592720600628407,7.822213291140907,1683477820315386056,0.8851468849449315,1.718442190816286,0
-1.7223225322321114,8.097677262844142,-3.3661912193296106,7.703460355442192,1683477820415391921,0.9693506500829976,1.6904766282031862,0
-1.7293444774709275,7.9540207234764075,-3.3739939975738387,7.5771893426211365,1683477820515399932,0.9752098454642745,1.687268186617654,0
-1.742936893013655,7.739709071059438,-3.403778609532447,7.289884969160857,1683477820615134716,0.8770708548900806,1.7206792060049871,0
-1.7532419444834053,7.5991036840136434,-3.414281171644968,7.171122823708241,1683477820715279340,0.891619461837261,1.7152897513123646,0
-1.768040409224967,7.394195100481749,-3.4271507856623264,7.042788750837216,1683477820815937280,0.9664702904111553,1.6959167620412896,0
-1.7785469252459098,7.260716895004054,-3.439501391000281,6.9155553620139845,1683477820915214300,0.9597430033546567,1.6964392771818988,0
-1.7963562028115128,7.062432989657754,-3.4629681293621846,6.703469247238399,1683477821016221761,0.9246163858594149,1.7048314526933892,0
-1.809301208835158,6.9305511616629945,-3.485525194205428,6.508382738561394,1683477821115574836,0.8553084130029336,1.7285696475973085,0
-1.8282611913942481,6.732622161246673,-3.5021331267671814,6.333806871146952,1683477821216558694,0.8911050125538967,1.7207268498069221,0
-1.8399649510857277,6.6001910115244655,-3.5128179869953833,6.2038667304097785,1683477821315189361,0.9008041187364136,1.7191597411390325,0
-1.8578440358451456,6.400149052298478,-3.522898041113906,6.071207995058851,1683477821415418863,0.9596881941163983,1.6972351220733872,0
-1.8707180234958503,6.266134341040375,-3.532887747044906,5.945999933996161,1683477821515956640,0.9537544313369426,1.6927180002755022,0
-1.8934718346883967,6.063923064157328,-3.558350794087831,5.732628876049582,1683477821615543842,0.9113170222402266,1.6975210715996762,0
-1.9110885949307441,5.92865237936371,-3.5825399359469596,5.536289933348031,1683477821715191125,0.8270208681734066,1.7168860982686975,0
-1.939234399305179,5.726457137679421,-3.596331923177339,5.4228262956591715,1683477821816537857,0.9023119449211248,1.6846851016878999,0
-1.9584981928040792,5.592142017820739,-3.6113010254020153,5.300283901946411,1683477821915599584,0.9049016803806139,1.6783737257373499,0
-1.989890138985915,5.389307154519499,-3.6452700897603654,5.092367991191775,1683477822016587972,0.8787853765243021,1.6818013105428924,0
-2.011822302294386,5.25290345181359,-3.6714820643058044,4.906583007346547,1683477822115352392,0.8271813367303884,1.6954080263746685,0
-2.043837396885663,5.046913104964007,-3.6906339860314032,4.725026562938089,1683477822215455532,0.8659542228354514,1.6779600567234751,0
-2.0644205017276076,4.9083819467861325,-3.70776465416105,4.580512838074592,1683477822315291881,0.8614350413294423,1.6757321253065744,0
-2.0960635863281953,4.698808806743164,-3.716143631504353,4.457760348881311,1683477822415236234,0.9481712131223923,1.637914439711537,0
-2.117416291697067,4.559247473331205,-3.727493942288024,4.325846510385175,1683477822515149831,0.9469600850747911,1.626906896671297,0
-2.145200029844601,4.355811553546048,-3.7470810639961925,4.174859850475271,1683477822616057872,1.1205226734154237,1.6120689707387792,0
