0.5293696324922925,2.196486523461874,2.5,2.5,1682824484746423482,3.4768515071463684,1.993866714648655,0
0.5293696324922925,2.196486523461874,2.5,2.5,1682824484746695756,3.4768515071463684,1.993866714648655,0
0.4335065520838076,2.205101055342943,2.5,2.5,1682824484830662727,3.5712191938956974,2.0874291743291313,0
0.33099428700388767,2.2140865786577755,2.5,2.5,1682824484930151700,3.6728889804677327,2.1877687874895257,0
0.16394023953982448,2.2229147653276677,2.2751782283973307,2.579009780806436,1682824485029620647,3.644420226610058,2.14105803416066,0
0.043752330667307306,2.22408377482406,2.123299164145866,2.6201940056141066,1682824485129418611,3.6370185009012728,2.116936075456046,0
-0.14794787894200606,2.218622239577495,1.970000669996696,2.6535664700397708,1682824485229413747,3.7060301404393625,2.1621476683066714,0
-0.28344704761436923,2.2094694078226684,1.8150709993599643,2.6819002067986353,1682824485329480409,3.708009522501148,2.1510390171491642,0
-0.49633661582069855,2.1873611697046913,1.5789174540030895,2.7093288659798636,1682824485429378032,3.7127926520588557,2.1398901210751466,0
-0.6357504843135603,2.1768100455773776,1.3404073330767485,2.72295398797726,1682824485529387235,3.553043874781738,2.0502372850606623,0
-0.8206160512365375,2.1832587046814833,1.18421331017747,2.733847955487114,1682824485629979372,3.4413626598137164,2.079059713305609,0
-0.9288505333782092,2.2013360336701875,0.9549809201132233,2.7640012612551734,1682824485729349374,3.1952415113774104,1.966065386373736,0
-1.0693419338140209,2.24984893324141,0.8117306754059743,2.800664278012878,1682824485830783128,2.9389638610655133,1.9600591075764606,0
-1.1496421662729432,2.29630603357585,0.6748566639703019,2.8478140144832267,1682824485929507493,2.6603763619861955,1.9060317506703555,0
-1.2520026593607971,2.387505402857218,0.4351912596922899,2.98756392681404,1682824486029455184,2.1715169483971435,1.7907243095080145,0
-1.3099178008672432,2.4613326161396847,0.34638140952582963,3.0810490040055183,1682824486129939317,1.9182860520914482,1.768438711332172,0
-1.3842175721530752,2.588970974261468,0.27552369357014417,3.1829852335802884,1682824486229381799,1.6869562939005145,1.7628369208235346,0
-1.4338894980294667,2.689052076600448,0.1713792672955195,3.211092993600424,1682824486329411745,1.6646002479415942,1.6880208908512304,0
-1.5066122828227348,2.8598079223551496,-0.10061446383610166,3.1249494435349017,1682824486429388999,1.6853358388284494,1.4307794705155237,0
-1.549877004636667,2.9808123902328836,-0.09632366850659456,3.2436608389113393,1682824486529378414,1.641737734161609,1.4771278238350039,0
-1.609755515560033,3.1686706413674286,-0.09050497885178345,3.3537736402627085,1682824486629367828,1.684823163828303,1.5304853195925565,0
-1.6458140637146295,3.299377524248616,-0.15292414756943298,3.393509209982713,1682824486729389905,1.707575484175233,1.495854630633323,0
-1.6920035122698178,3.5019466284230534,-0.3497263752551135,3.349750994888594,1682824486829368591,1.8439676401690221,1.3508780194448893,0
-1.7216319327221146,3.641521321062666,-0.3914907050326022,3.4291673886504928,1682824486929433584,1.905108329821704,1.3469854780992545,0
-1.7601263063910595,3.8539897715229765,-0.6005545172870077,3.406034728376327,1682824487029376268,2.0753155896445343,1.2430890775670456,0
-1.7856370858224013,3.9957110202932165,-0.5768095701865532,3.494081154494124,1682824487130205631,2.149517484297952,1.3087767131256394,0
-1.8185133538103497,4.207281319461739,-0.727234765856416,3.491439234070016,1682824487229449987,2.317538861016804,1.305112580486719,0
-1.8439674283649035,4.349006085093352,-0.7964519737384033,3.5337557083021705,1682824487329519271,2.4700298973860497,1.3273740258644235,0
-1.8961509031824566,4.558568298970468,-0.7931809411699402,3.712509357066258,1682824487429462432,2.584860173914042,1.3900929718108654,0
-1.9441332293856182,4.694196562074486,-0.8258701270049102,3.7935118873115883,1682824487529399156,2.7404345365162066,1.4358778671944468,0
-2.007579552856325,4.900607945204809,-0.8838513278610816,3.873074336330771,1682824487629488468,2.7717756528679924,1.5226918404643348,0
-2.0411733157598864,5.040626675843854,-0.9415646308956991,3.9540990549429873,1682824487729749679,2.7810057804363475,1.5458594796453027,0
-2.0813985034949005,5.251055476860269,-1.2835979699089746,4.020912775754773,1682824487829425573,2.8872489719687935,1.46619806181604,0
-2.1184346201059405,5.390162788148461,-1.31940657043964,4.134406604390733,1682824487929411649,3.0154266387763116,1.488411709574775,0
-2.1580657156239074,5.602367095434674,-1.3792568382391617,4.254630038578693,1682824488029431343,2.980254970551918,1.5565790830909005,0
-2.171390151687737,5.745735020807779,-1.4574119619005157,4.441572299400546,1682824488131371021,2.884966076769737,1.4868104315615216,0
-2.2211099185456606,5.955609431737097,-1.4995500111825413,4.576501469027926,1682824488229379415,3.152669575226604,1.556466341660401,0
-2.2517134153979876,6.096280317585504,-1.5970814876801878,4.7955008228879485,1682824488329502582,2.9941813300548796,1.4562177909272878,0
-2.32116212049249,6.300557522036999,-1.6522530999296337,4.959161974100034,1682824488429504871,3.18397749465083,1.4989267139575133,0
-2.384929970681272,6.429632957977491,-1.7578624296117025,5.219907099449124,1682824488529828786,3.1151379985657277,1.3625895764518496,0
-2.4936047755032384,6.6162760549767805,-1.832758516147802,5.402936179237615,1682824488629399538,3.1040116471694508,1.381633610101754,0
-2.5698078851061066,6.73845990113568,-1.9085687337011177,5.587682409635776,1682824488729394912,3.060327709864649,1.3272249433662708,0
-2.6827231981631092,6.9225921188353405,-2.051538288769029,5.961256601303064,1682824488829261541,2.906822179849836,1.1500262462726072,0
-2.7519009780619785,7.0488724767070545,-2.0989556029956074,6.144644988552137,1682824488930293083,2.8170943480746296,1.115331795097547,0
-2.84085751414988,7.245637095284227,-2.1332280015280727,6.327829361738083,1682824489029421806,2.768496668577602,1.158926470010279,0
-2.8901625279470764,7.380670254320435,-2.1607668004049483,6.512078398049269,1682824489129403829,2.6734392916528513,1.1342265823623165,0
-2.949919768802386,7.587317372427252,-2.1830945196057225,6.8806182965054346,1682824489229354143,2.4455511558731597,1.0428060925763123,0
-2.9814745707849277,7.726906805698633,-2.1685154439402963,7.059014487691695,1682824489329566478,2.3633773976665258,1.052132449063646,0
-3.018685858289475,7.93769289685759,-2.1461099045610386,7.236880345244534,1682824489430337190,2.3394138017170483,1.1191635392218127,0
-3.0380093411633142,8.078644641682555,-2.1084948126235914,7.505428355735483,1682824489529433250,2.1775729464080023,1.0920504426267947,0
-3.060513269100309,8.290468873394513,-2.0723569283336567,7.683042065524071,1682824489629442930,2.168355708895283,1.159922532205067,0
-3.0720326175688117,8.431852360450039,-2.0186149080163327,7.951811639041222,1682824489729401350,2.0141596582139414,1.157638961425145,0
-3.0852996653567293,8.644045741523618,-1.9767008980003071,8.131773178590592,1682824489829540252,2.015802887884574,1.2212347873026501,0
-3.0920516983967055,8.785523820344897,-1.9173858114856293,8.40417902510565,1682824489929423570,1.8661102494296493,1.2350157078874133,0
-3.099530978769931,8.997533123959041,-1.875473336021603,8.588187717253708,1682824490029458761,1.8713554615126113,1.2906900382203885,0
-3.1026671040302833,9.138483654485416,-1.835922171996154,8.773164063704709,1682824490130463838,1.810873026750707,1.3183706331082827,0
-3.1044492722559895,9.34896111970536,-1.7805608903113797,9.053469186707328,1682824490229355096,1.7158411577410735,1.356464496518368,0
-3.103624224637018,9.488474739601786,-1.7253266539841685,9.336401954246972,1682824490329385757,1.554461016208953,1.3866615756243905,0
-3.099285075330548,9.69629808304623,-1.6856900680414326,9.529149041171157,1682824490429425477,1.543162178541337,1.42344288499134,0
-3.094453447205541,9.834231743510296,-1.6474120332243936,9.722135487885987,1682824490529440164,1.4724186972647046,1.4513767341050872,0
-3.0849512426227004,10.042017980144982,-1.574597028625443,10.11142811153918,1682824490630380392,1.2737280591084115,1.5119482855175415,0
-3.0774473338271644,10.182049224663205,-1.5396421773062527,10.313047414653632,1682824490731330871,1.2045891332739795,1.5433746224436482,0
-3.0649076955810237,10.395633565809952,-1.5073394347557756,10.51704247049927,1682824490829419851,1.2066943609555025,1.5622928692367664,0
-3.0560168224886777,10.539358819083796,-1.4774408905632863,10.720602540341343,1682824490929469347,1.1450411462784587,1.5889465879473108,0
-3.041679931302448,10.75488181996222,-1.4388975782837523,11.027634548071614,1682824491029574632,1.043836330996611,1.6258245052401146,0
-3.030616423417467,10.898455650842331,-1.4035051122145117,11.33940404116649,1682824491129407882,0.8626883485388434,1.6858015013559775,0
-3.0105097916560783,11.113513795518251,-1.3692763594174915,11.664391196740267,1682824491229391574,0.719782142737608,1.7312172279280187,0
-2.9941573587105315,11.256579963699394,-1.343068452874308,11.86815590860589,1682824491330462217,0.6308044431607871,1.7607156815805702,0
-2.9644176590332467,11.469825621354694,-1.3146468717383457,12.06195600207611,1682824491429481744,0.5974461292040208,1.7528154604478268,0
-2.941445138394574,11.610576122330661,-1.28233219431869,12.252411653528675,1682824491529465913,0.5212243905315631,1.778934684104052,0
-2.904604308742126,11.819734634880053,-1.22783138635933,12.524161318254595,1682824491629571676,0.4394843098187844,1.818731531998662,0
-2.879657896387801,11.957972349425049,-1.1797582468136765,12.782077323243644,1682824491729719877,0.32160198109937654,1.8891288538622184,0
-2.8435020648924283,12.16360009992103,-1.162139969141802,12.939106618061224,1682824491829410552,0.38048011381290603,1.8515908988501928,0
-2.8209505375846144,12.299641815752981,-1.1448564538854507,13.0987564019689,1682824491929493904,0.37258014286851254,1.8568455776704695,0
-2.790306364974428,12.502622888905542,-1.1121685450271717,13.503174479367114,1682824492029484272,0.2113392606292644,1.9537783978518428,0
-2.772388314724732,12.637665086070312,-1.1254776875016483,13.714481498595458,1682824492129405498,0.1588984203971782,1.9677012477365194,0
-2.7499986335522606,12.840302201619217,-1.1255250208963776,13.852970739712807,1682824492229456424,0.2626809293068596,1.9142654168792441,0
-2.7378753744380537,12.976110409148783,-1.130286877654465,14.013591852633494,1682824492329402685,0.2634952749754582,1.9132978128263356,0
-2.723755311211543,13.181706101320966,-1.1411305420241706,14.323278564450353,1682824492429393291,0.20395537545350062,1.9513812668519392,0
-2.7171443895737037,13.319786849154884,-1.1547201300369279,14.472003379862967,1682824492533820152,0.21744921004225062,1.9413326609383599,0
-2.7113351824238836,13.52690017037672,-1.163049499196727,14.630396706780603,1682824492629829168,0.30097606110635455,1.901287238357621,0
-2.710065404980894,13.664244841930177,-1.180510315983768,14.881253134558833,1682824492729399204,0.21766974197066524,1.954647782748575,0
-2.712058664938991,13.868002041842987,-1.19730946688999,15.025928895163977,1682824492830090522,0.3076328650118062,1.9066357099959976,0
-2.715904807332975,14.001842538649766,-1.2121516624746231,15.194713826685433,1682824492929369688,0.29941364582517005,1.9194310173828215,0
-2.724683504730887,14.199811529541785,-1.247725521415629,15.517892873189544,1682824493029451608,0.21113279589732994,1.9795816004779785,0
-2.731709191099543,14.330763123959427,-1.2688123204776478,15.664292197247242,1682824493129424571,0.20127587080606898,1.979486560545232,0
-2.742534317395845,14.527129472437371,-1.2816493511100815,15.806314402391646,1682824493229539632,0.24456595916717375,1.941777270889192,0
-2.749218829489703,14.658712408029537,-1.2912664829354936,15.965273449882126,1682824493330121278,0.21000443825280685,1.9577351202115798,0
-2.7575248828600647,14.858030793140571,-1.309278847828708,16.268000362596403,1682824493429336309,0.10401948075173854,2.0212448552254894,0
-2.7620625018828555,14.992113148332708,-1.3124187671054603,16.39423428138499,1682824493529384851,0.10063442429663738,2.0167822464339498,0
-2.7679262686761494,15.194365605510262,-1.3145355766064972,16.53405333769826,1682824493629362583,0.13707980749347312,1.9766405145017456,0
-2.771082344142144,15.329898101850047,-1.3118829369410332,16.683009615739984,1682824493729390144,0.11956790587188229,1.9900185122248462,0
-2.7748560083186935,15.533917759568887,-1.311713170951772,16.89644292435194,1682824493830544948,0.10487831226979258,1.9993153296079174,0
-2.777044216216249,15.670093736815414,-1.310330248463913,17.101622527667676,1682824493929456710,0.07590323169238705,2.049518124398694,0
-2.780899567173113,15.874081388295114,-1.3177069247715587,17.229970517491388,1682824494029440164,0.12066377507382786,1.9948353414381537,0
-2.7836771487039424,16.010670165499615,-1.3167464177415822,17.447083218202714,1682824494129395008,0.0818092371922559,2.0530874865474193,0
-2.789011144077288,16.216749948797183,-1.3248428565205548,17.569106250661026,1682824494229366779,0.13685075518152529,1.9931523628357328,0
-2.7930868891745813,16.355621414154303,-1.3259566434175536,17.794792984980717,1682824494330636978,0.09574874316879842,2.0551608132431007,0
-2.8005003287276407,16.56629229885593,-1.3363975704509623,17.913725582497037,1682824494429347991,0.1595010097283541,1.989767157397375,0
-2.805841743781389,16.708415808265357,-1.33936766357622,18.13911417643337,1682824494529339551,0.1117249405591996,2.048766469999012,0
-2.8142731063210364,16.9220720115528,-1.349565665802031,18.267359957417725,1682824494629376411,0.16541933167807268,1.9887603032042864,0
-2.8195841344929966,17.064210577415103,-1.3498609929879595,18.419165483977725,1682824494729876041,0.15378778336582685,1.9989969763592836,0
-2.8265054871976956,17.275931425222925,-1.3550107950046646,18.706629222883752,1682824494829438209,0.10464498043795283,2.052362740205494,0
-2.830917515961069,17.414967667717004,-1.3614101691543175,18.82841356150243,1682824494929607152,0.11075610138480806,2.038941180362469,0
-2.8370974322430693,17.62020250079488,-1.3641765750003554,18.96273882424448,1682824495029913425,0.14937785627778022,1.992962526361743,0
-2.8401553115770133,17.756005056297415,-1.362492961637378,19.105477347374098,1682824495129491567,0.13149428882010375,2.001140046276841,0
-2.8430247304564547,17.95926553382173,-1.3598112493443333,19.37560739947426,1682824495229387998,0.08361696791676834,2.050840440149557,0
-2.8441382111419986,18.094637881219445,-1.3610463437936906,19.49215317168392,1682824495329384565,0.0845458488043552,2.0377954936834803,0
-2.8450233252656463,18.297931363011244,-1.358011795742794,19.627672247652562,1682824495429374217,0.11342825739653764,1.9948468886660367,0
-2.844464361774388,18.434326714570055,-1.349973092821907,19.75725300579862,1682824495529474496,0.11083047336087833,1.9959053396889757,0
-2.8433826002929647,18.639630461062715,-1.33756056964886,20.02152942010189,1682824495630660772,0.08955788722994491,2.0438064294268883,0
-2.8433577756273114,18.776334142732196,-1.3449076849063761,20.139398043792458,1682824495729486703,0.10283720110535065,2.0256593674048946,0
-2.8455367919329047,18.98045421313073,-1.3443828541420275,20.27024672074612,1682824495829368114,0.18214953290061967,1.979148265705692,0
-2.8480491974693485,19.116300637204915,-1.3486537433715555,20.480949428062473,1682824495929420471,0.13717547844300582,2.027425226773634,0
-2.8539071942311702,19.31907657815521,-1.3597217405278372,20.601312683175415,1682824496029438972,0.21817020749480515,1.9689386986587514,0
-2.858221488632442,19.45423599796121,-1.3650164587688447,20.74615246096295,1682824496129467725,0.20751853554675614,1.9745149805926705,0
-2.864390489344076,19.6574383048512,-1.3752850606814004,21.01614785552247,1682824496229469537,0.15324480109333366,2.0158190942537404,0
-2.868446283986931,19.79293101130574,-1.383633450046154,21.141421249341132,1682824496329414367,0.15706009388227118,2.0057654583504996,0
-2.8745513383223713,19.995983762020554,-1.3871470547369702,21.272032606691386,1682824496429836273,0.2133512459842282,1.9597632910160263,0
-2.8778689745117183,20.131760498438005,-1.387919185254918,21.41257083308417,1682824496529410600,0.19743612390112464,1.9647965512599024,0
-2.8812592906848815,20.33620137277471,-1.389015502301775,21.680839310932353,1682824496629399776,0.1296872960352788,2.0086917903702406,0
-2.8829764016358546,20.472490840447698,-1.3913284513606485,21.795240948622258,1682824496729395866,0.14458033883903132,1.9936603161612145,0
-2.8847716088967896,20.676738974632556,-1.39136401982263,21.922917395380118,1682824496830243349,0.1981865545577037,1.9450518973644844,0
-2.8846194611887626,20.813356650500747,-1.3836997312990553,22.12484682140479,1682824496929313898,0.12707692744871835,1.9931799978802993,0
-2.8837463224638884,21.01805184245352,-1.3853263899247643,22.23667732388124,1682824497029333353,0.20501151418249797,1.9314011386077963,0
-2.882613868298953,21.154680761344622,-1.3753300446822203,22.44238694913069,1682824497129373788,0.13600392734002353,1.9824459011532205,0
-2.8812776835116054,21.359029987145142,-1.3802954020437939,22.60863986307557,1682824497229360580,0.17766569670908716,1.9530674978871512,0
-2.8808708841236257,21.494790843305474,-1.380999741655749,22.733905748212145,1682824497330140590,0.19117245626206925,1.9455125781062848,0
-2.880595801114316,21.698056935970154,-1.384281272906603,22.867799963333734,1682824497429372310,0.2554188319287856,1.8992777357172341,0
-2.879799798276986,21.833942921509255,-1.3826846154972683,22.996008724163346,1682824497530461549,0.2518789520214477,1.895191494337088,0
-2.876529808972847,22.038884011867985,-1.3808827288922916,23.19003275864998,1682824497629371404,0.23919766416428673,1.8873536036925487,0
-2.8727344280558587,22.176305312723752,-1.3747025045980192,23.37956985589142,1682824497729452371,0.17292581872794258,1.9214435210391396,0
-2.8655523139143364,22.38244843413354,-1.3785595454923452,23.549265053695475,1682824497829567432,0.19367658947432725,1.8901345235261007,0
-2.8587670588544007,22.52072856140924,-1.3646114434233299,23.68315659111325,1682824497929427623,0.17538088088995027,1.893076841379068,0
-2.8477382268958302,22.728029575493476,-1.367211653305479,23.79374465866843,1682824498029444456,0.2748379076733272,1.8242005299894484,0
-2.8402958567375864,22.866509428367433,-1.360071431174333,23.92737482573726,1682824498129647970,0.27649173316791303,1.8211259542850697,0
-2.830868667067133,23.074150259791107,-1.3595528025379273,24.17370460309331,1682824498229398250,0.257144070789038,1.83678799187333,0
-2.826629643734329,23.211883996526584,-1.385500407710152,24.301164335694587,1682824498330814838,0.285797261416954,1.8064841909691838,0
-2.8238679038909895,23.417951292556594,-1.3957832843847697,24.440332876493287,1682824498429427862,0.38479029868283926,1.7563284953684273,0
-2.8240412316713948,23.555282408490378,-1.4166023913590198,24.593886696009452,1682824498530476331,0.3799270421713754,1.749166360090671,0
-2.825404576533185,23.760843601235667,-1.454468222425847,24.905331203899742,1682824498629447937,0.28210090254296727,1.7858662770949234,0
-2.826364471254875,23.897101477252257,-1.4703693248235021,25.071969581745652,1682824498729433774,0.25339387717410355,1.7941677458089986,0
-2.826992243080276,24.099541745985096,-1.4784694778214529,25.241114474764995,1682824498829499959,0.28141549234273566,1.7668338754719661,0
-2.826515523967205,24.23277943874045,-1.4774429457967078,25.526544472410478,1682824498929538726,0.13430092676814076,1.8691775687501706,0
-2.8244047927426608,24.430272503435692,-1.4678370131701586,25.705387052054682,1682824499029438495,0.14257964896025027,1.8617715361112601,0
-2.822485376165089,24.561246787633525,-1.4460990201862,25.899796599775105,1682824499131367206,0.08009589585710955,1.9199361969891349,0
-2.819467355087123,24.758003694042365,-1.4039343820122094,26.27445921766165,1682824499229403495,0.12525649074885087,2.0744567850349993,0
-2.817658817315588,24.88999899285808,-1.3760567300646447,26.41602220316167,1682824499329507112,0.13081794268778346,2.099276879392415,0
-2.815643309184906,25.090100087206565,-1.347687377557984,26.585878110570572,1682824499429584026,0.10239738820264986,2.0957687163371346,0
-2.8146179194532293,25.2252773405818,-1.3016965206961022,26.839769692666522,1682824499529571533,0.22871950303708616,2.212581459236535,0
-2.8126076048697537,25.431097608620856,-1.266515391571625,27.04142532989999,1682824499629438877,0.24197276449019223,2.232388071537105,0
-2.810459903719703,25.570532803277604,-1.235289400123748,27.180552602885914,1682824499729764461,0.25921305832988695,2.252404464240274,0
-2.805500795674072,25.78328544686148,-1.2049948546372868,27.315744177430894,1682824499829379081,0.21614422650151835,2.2158630436451756,0
-2.8004505329131746,25.927155294173485,-1.1666850095910657,27.463037204217034,1682824499929393768,0.24280248610038618,2.2423476596627445,0
-2.790340388856594,26.142917296387818,-1.112027602431712,27.665959744018135,1682824500029466390,0.2664135538844007,2.2663609832418574,0
-2.782512935977863,26.28670431286344,-1.0570569061712793,27.855161533470394,1682824500129496097,0.33222559452555417,2.3317925644597963,0
-2.7696034045294087,26.502289407299244,-1.0161143995448287,28.01406996143838,1682824500229359149,0.31634245341101647,2.3152114664701897,0
-2.7553652710032828,26.640095976652802,-0.9840869739056343,28.12435718120553,1682824500329988002,0.334414273889308,2.310943125459702,0
-2.698429323072356,26.807402712472296,-0.9092464766556986,28.185771403817373,1682824500429439306,0.6830632750200685,2.2585560668692626,0
-2.6407976822819377,26.896783138670962,-0.7639238095744387,28.16149744919041,1682824500529385328,0.9431443454400331,2.263218465213804,0
-2.5302084878585753,27.00438540565376,-0.5079590123040273,28.065802624413642,1682824500629390954,1.2551236881159793,2.2838781608616094,0
-2.442898856185996,27.06175132778187,-0.3843355263183634,27.9142962527258,1682824500729427099,1.3274000078109485,2.22811934871617,0
-2.2950760902492218,27.130814638970964,-0.25023223563733354,27.790201874178845,1682824500829402685,1.4459885500851941,2.1485292447856272,0
-2.1869528966483123,27.167704505456445,-0.11525302170232879,27.655301393474772,1682824500929411172,1.4320144901887468,2.1283070965103605,0
-2.0130237024605218,27.21246859035665,0.08988412131912618,27.458720144190146,1682824501029497385,1.367879261663044,2.117276822496073,0
-1.8907721297639468,27.236881559137036,0.28791189129321687,27.27872094443507,1682824501129470825,1.279169100673334,2.179085725200349,0
-1.7001114601283298,27.267632301476556,0.443886432609795,27.136288848377536,1682824501229381322,1.187201147613466,2.148017240791492,0
-1.5691732843485564,27.285300879861442,0.5774458963556386,27.047761834267884,1682824501329406499,1.1303542101291078,2.159721904586016,0
-1.3684489447298647,27.30906504997577,0.7065029282003557,26.9618717140205,1682824501430344104,1.0334965976830097,2.1037985852995478,0
-1.2324374644594107,27.32348833338689,0.8573390898798543,26.87858155224531,1682824501529457807,0.9771917017363162,2.1366113570258514,0
-1.02610148739507,27.34266741624303,1.1196265183311314,26.73626872878684,1682824501629406452,0.9152656013045979,2.229768607435833,0
-0.8877358428729429,27.35357918543811,1.2305925592184437,26.694633675840883,1682824501729372262,0.8810017215023991,2.218450901806348,0
-0.6794765372210013,27.366831828043498,1.3468909886343536,26.644488624748732,1682824501829386234,0.8092664924085002,2.1512659187527925,0
-0.5403146762242627,27.373508064454082,1.4902277502502503,26.584035309216365,1682824501929449796,0.7880514439506567,2.178616482306061,0
-0.3316432517739294,27.380550729471864,1.7467725559112988,26.48134723635989,1682824502029630899,0.7829751332009467,2.2645925001334377,0
-0.19373934650942348,27.383393329955332,1.8418007598915263,26.457628202268786,1682824502129517793,0.7545740683693422,2.2361718620015045,0
0.010670137846590877,27.38559107402516,1.9597375347701418,26.415979138447337,1682824502229397296,0.6800828447575008,2.1769269678529226,0
0.14568160620940174,27.38644082414709,2.088217780883069,26.3753353586155,1682824502329440116,0.6526909070174961,2.1899271796896937,0
0.3463964526603235,27.38737412231611,2.2681240489188603,26.32816075254333,1682824502429409503,0.6104625461447389,2.1943039709500196,0
0.47977733262396016,27.38875538124924,2.4437634772644863,26.29339190415017,1682824502529511451,0.6122903840374015,2.248791391681879,0
0.6802724903424937,27.391968085438712,2.6015157569893916,26.282974588985446,1682824502629429578,0.5578848651635829,2.2183422334733844,0
0.8147650044268705,27.395054104015887,2.7236395199170103,26.270200212554844,1682824502729407072,0.525838021711785,2.2156484813757733,0
1.0183214805765253,27.40168871142519,2.8390813331607747,26.2649802344844,1682824502829452276,0.4212602058953039,2.1464558235220372,0
1.1555024167717065,27.40716735075668,2.9802127942182377,26.254565112069805,1682824502929475545,0.4088855235758519,2.158253896599531,0
1.3634496583414961,27.41651353340778,3.248031473993525,26.24394071984958,1682824503029428243,0.4405915846854731,2.219589066242239,0
1.5028097008435473,27.424198129760647,3.3603375772870083,26.254581251912334,1682824503129419326,0.3981967857222066,2.195088484027965,0
1.7126494219459576,27.437717086198273,3.493116324605067,26.25584858513603,1682824503229342460,0.3048441939484589,2.1370249285554994,0
1.8533422861049291,27.44723157876822,3.634288388305559,26.257144761871633,1682824503330852508,0.3032292255787895,2.1419793768135746,0
2.065673624253764,27.461616677735098,3.8457389998925082,26.259934271127133,1682824503430465459,0.2938937726791296,2.1477135162537424,0
2.2076921847418216,27.471615147518964,4.05177306781887,26.26532074022363,1682824503529446840,0.3480848505501911,2.203583558752023,0
2.4191945627919975,27.48960166006232,4.169082933900003,26.2768578937932,1682824503629492521,0.22166632136801082,2.12905066965623,0
2.5591238646491865,27.50323570607473,4.389446601573836,26.290251860256628,1682824503730500698,0.288316639460493,2.1957711928885053,0
2.7660328330661126,27.527178832797667,4.507258635866833,26.309451106198427,1682824503829411506,0.1637261206886297,2.1247889571596437,0
2.902085617085564,27.545232265394528,4.654970113669261,26.32659483742068,1682824503931889295,0.16188513074749245,2.1348726517575236,0
3.104133633074596,27.574593368510065,4.940499449918993,26.366413495049326,1682824504029418706,0.22969218977589323,2.1981669681601073,0
3.237831420051491,27.595502523260922,5.05880407912923,26.392465675414915,1682824504129419088,0.20475675016254455,2.1824846121757444,0
3.438145008968024,27.627964531990212,5.198011430554029,26.413881765585263,1682824504229402780,0.14435814727257587,2.1380193604145465,0
3.5726022057051154,27.649449974756763,5.410165609972724,26.4415231874623,1682824504329427242,0.22185383789111732,2.199028510085099,0
3.7761418757595666,27.68124000146684,5.5288963123151404,26.459532055255544,1682824504429398775,0.14435837788734665,2.136520166228503,0
3.9134387595004427,27.70165330785179,5.746944621608244,26.477494020177964,1682824504530414819,0.23110334959569906,2.2046110105825374,0
4.12056039186769,27.731818726733362,5.928020506497061,26.49811626042913,1682824504629338741,0.20830526061703883,2.1883632791063667,0
4.259122139984273,27.751505359037687,6.062998325106471,26.507647690385646,1682824504729383468,0.21003687448907116,2.1911529364961053,0
4.467370702272179,27.780062633596014,6.193685424537527,26.5178803836085,1682824504829489707,0.14447149368194476,2.138519710569353,0
4.606613234197087,27.79783306156688,6.408673634368163,26.526275318390468,1682824504929359436,0.2274101167793935,2.2055114554444346,0
4.8152876246532195,27.824137304969728,6.588748612140271,26.54030324495934,1682824505029403686,0.201222807051671,2.1893820515801496,0
4.954390566187291,27.842044024061153,6.721210638434115,26.54885048623635,1682824505130307435,0.19646052753732982,2.189521110646367,0
5.1632727889128045,27.870154514624105,6.854703861830376,26.560325284302483,1682824505230705261,0.1408435792041691,2.1392970076723845,0
5.303167382842529,27.88953615264341,6.99995383111274,26.57126204657665,1682824505329386234,0.1512792962470752,2.1487044631031855,0
5.514169009912648,27.920043438107243,7.21096156860128,26.590230602484493,1682824505429382085,0.16539336984372838,2.155807775523628,0
5.655504718674937,27.941134077544717,7.423872198759421,26.616074721059594,1682824505529452800,0.21010436258751417,2.209729812178203,0
5.867027697098915,27.973218484281578,7.544495239689887,26.634395555407515,1682824505629802465,0.1662821188619672,2.1462395465849378,0
6.007980862427821,27.993451595018715,7.767553124120896,26.655538242239512,1682824505731641530,0.21067089773090303,2.210453954205917,0
6.218319678629679,28.02180508229009,7.8902521960086105,26.668683282592777,1682824505829460382,0.15907124517985943,2.150882829789932,0
6.358087912699909,28.038287198755054,8.02943982654629,26.672876102893774,1682824505929489850,0.16044303483571543,2.158185506535307,0
6.567292676284415,28.059126125115903,8.300498820573258,26.678901878571097,1682824506029374361,0.21961179403203906,2.215631401959896,0
6.706248316808077,28.071919227426566,8.40905941591657,26.67923956245738,1682824506129389762,0.2005356256183067,2.199800511061346,0
6.914065664095179,28.090427365336467,8.541680945612937,26.68186244738569,1682824506229394435,0.1555724815697273,2.1524838286760275,0
7.052734945257274,28.101846010568174,8.67914929097717,26.680254272195704,1682824506329396963,0.16265909404990886,2.1601265459626062,0
7.261210300453096,28.11792659940759,8.944494847374818,26.68011762829237,1682824506430088996,0.21384881095117247,2.213761844310466,0
7.399972609744407,28.128656317185058,9.059084710218649,26.687104030217014,1682824506529406070,0.19849529632117285,2.197891252542502,0
7.6072647053882765,28.14401107885703,9.188645561145693,26.690212724774174,1682824506629375457,0.16026008076444836,2.1480910281666556,0
7.74513099048066,28.152646647256617,9.39471436536888,26.688086868631995,1682824506729398727,0.20591506711321655,2.2059149248945693,0
7.950596602427679,28.163727965588038,9.506238755657442,26.68985093037774,1682824506829493045,0.15103367930295097,2.1429736404878215,0
8.086888586936732,28.169091163677912,9.708454650531412,26.679916743027167,1682824506929392576,0.2021329281787428,2.2016168953118127,0
8.290173248420302,28.1755249994848,9.882487760156291,26.67585048083191,1682824507029406309,0.18735055530839242,2.1873475183842626,0
8.425539998320787,28.17951922916197,10.001211364825918,26.67015471120596,1682824507129434823,0.1827849032514509,2.1819535978770777,0
8.629126358940555,28.186271257166343,10.130293174750987,26.66813947653959,1682824507229427814,0.15895680964029915,2.13500021363919,0
8.765909763552292,28.19117207262823,10.264853701741973,26.664918933288416,1682824507329432010,0.16856892035172938,2.1392245265937446,0
8.97342998622208,28.199448918122727,10.533657634322468,26.663279698532243,1682824507429381608,0.20253122929842957,2.1895493109574184,0
9.11274445609441,28.206466234359816,10.64700175483586,26.673175882140207,1682824507529397726,0.2027855981547428,2.1690838533701613,0
9.322941746010194,28.217946769514693,10.79397401126844,26.681754391640794,1682824507629500865,0.20439981452247669,2.1269280540884954,0
9.463816608562922,28.225615286032735,10.939908349085972,26.685003513128855,1682824507729421138,0.20490633882811873,2.133619333726239,0
9.675894556897786,28.2366561513462,11.22106251763976,26.69349132190046,1682824507829410076,0.21184470939891878,2.1837815178588285,0
9.817020561093152,28.24422568491056,11.342874145075909,26.701306081271134,1682824507929543972,0.21098302360582588,2.1699838854350664,0
10.028077389588507,28.255500130452727,11.480563675623273,26.70734501788217,1682824508029440879,0.2127265363364624,2.1228520117279555,0
10.168726608895508,28.262150876074145,11.622122044502646,26.708790821382248,1682824508129494428,0.20495800535969746,2.1272719035788716,0
10.379955251781622,28.269916116127074,11.83351161353505,26.709841828650827,1682824508229560613,0.19204696674086824,2.132289351668385,0
10.520664995857175,28.273888171683218,12.038307121380578,26.70550591272223,1682824508332029581,0.20349727085224686,2.182443706350009,0
10.731168316685313,28.278112257667427,12.22634346795785,26.708977592919126,1682824508429461956,0.18834769585503605,2.1674252764738204,0
10.87089084591909,28.28019579422102,12.35504882452439,26.701599924023142,1682824508529466152,0.1915013443997754,2.1667232926388085,0
11.079155749877302,28.28288325830755,12.485653687907652,26.699775948123428,1682824508629395723,0.18973977871644912,2.1176555917433864,0
11.217270753099431,28.284094455179883,12.630314817035206,26.693569488530294,1682824508729425430,0.18770529050464238,2.127548635439342,0
11.423058596069575,28.285515626290895,12.893688494951443,26.684333307294192,1682824508829401969,0.20254325273562784,2.174060053943531,0
11.558698615359583,28.28703313192007,13.013838112595243,26.68904232462793,1682824508929406642,0.20331918761450893,2.1612509286534567,0
11.759805961643897,28.290718274067334,13.148975045149694,26.690447526454854,1682824509029432535,0.2215689287041772,2.119117082237917,0
11.89336165756696,28.29345075803473,13.35318599299681,26.692544951245825,1682824509129429817,0.21680059667582616,2.166560982876697,0
12.092883861460242,28.299091366973887,13.469277771202965,26.69938929891816,1682824509229420661,0.24482052231358542,2.1103333626037917,0
12.226271816812499,28.303263318192535,13.620641294607601,26.703599775173437,1682824509329413414,0.23969180022098016,2.1220720278706375,0
12.427499106917793,28.310190460890002,13.898949435171714,26.712841851003237,1682824509429396152,0.23429920681657454,2.1717938783470574,0
12.562081506295671,28.315764803335348,14.008490511833307,26.723050029541774,1682824509529488086,0.24322303097284717,2.15147376511095,0
12.764840480313982,28.324933693158865,14.15526533917604,26.731940983537466,1682824509629372358,0.2602440252807681,2.114451952882472,0
12.901034671520716,28.33090180192269,14.296905130053124,26.73685727342504,1682824509729432821,0.2544831269016317,2.1188280477275088,0
13.106896959994632,28.33939191963583,14.578757587239938,26.746763804506074,1682824509829812526,0.23593610099092036,2.1686027803949495,0
13.244743713024603,28.34516349877159,14.698025283591,26.75345825958211,1682824509929548263,0.2395367727453754,2.1553544701072203,0
13.451893056438125,28.35419375077697,14.83490800152619,26.758664975661873,1682824510029462575,0.2625789007058512,2.1115024060031824,0
13.589947472875824,28.360322792887185,14.977291531350554,26.761886101863997,1682824510129414558,0.2627720868888015,2.1165357052963443,0
13.796437376358886,28.36952431498659,15.264754449464856,26.77110263848316,1682824510229416370,0.25001789121244034,2.170462366200004,0
13.93262749397543,28.37660748079284,15.382747388592822,26.78171232255557,1682824510329449415,0.26290635222110126,2.1555830474685584,0
14.134265786084672,28.388651171500047,15.523595782369071,26.792569669208046,1682824510429380416,0.29517231559409496,2.1160609633312317,0
14.267357862687296,28.39701907497734,15.739369045098018,26.807332886364218,1682824510530311584,0.2671921001917077,2.1665454298051365,0
14.466272355996994,28.408753648881557,15.861514058872078,26.81916455129951,1682824510629407882,0.27285819446722104,2.1150633344166003,0
14.599548987614124,28.41488349963308,16.003613615707994,26.821319428494007,1682824510729421854,0.2505214891324652,2.123874744115038,0
14.801493166312957,28.4207316646345,16.269657632043465,26.8227437092634,1682824510829346418,0.21642099613966925,2.1700397240476623,0
14.937688876250691,28.42246426390119,16.38917456905206,26.816529532338762,1682824510929383993,0.2073111493581801,2.1646794401124514,0
15.144097345951582,28.422846077438464,16.51529813473027,26.808042017753408,1682824511029406070,0.2036263430827229,2.1184389899930167,0
15.282846659364475,28.421927755743667,16.65303160468626,26.795201148410353,1682824511129474401,0.20373538345882874,2.126886513049677,0
15.491836526691095,28.419938109085937,16.917672931141986,26.775077421957523,1682824511229352474,0.21897975790159044,2.1768270791034374,0
15.630677924849667,28.41966269185263,17.040985452099715,26.776612344098336,1682824511330197095,0.22767113094196093,2.1653133183614903,0
15.837554720310012,28.421326722368594,17.170697781522623,26.77644596826191,1682824511429257392,0.2667329026589231,2.1172867346889754,0
15.974972815976797,28.423179322386986,17.379397635245255,26.777544254984566,1682824511529334783,0.25289600787342853,2.16345183631201,0
16.18033961162131,28.427266862589352,17.50127904939001,26.78387610207388,1682824511629309654,0.2898324111350242,2.108462518044918,0
16.317399013738687,28.430225180492645,17.718263842717533,26.78744461910443,1682824511729348421,0.2624926121034797,2.158969717699836,0
16.52312394350439,28.43536239592815,17.906035161151756,26.79623150909478,1682824511829330205,0.2718871508804025,2.1445730344443996,0
16.660574547404664,28.439132642580624,18.043591838121646,26.8010019336303,1682824511929440736,0.2726516642931861,2.143877106092659,0
16.8675880145621,28.44542380951904,18.178673761508648,26.80544190430901,1682824512029454946,0.3110602109924168,2.0996396084239564,0
17.006653115105564,28.45006759227708,18.33130466660664,26.809181823516724,1682824512130180358,0.3079275407381255,2.1088404015037447,0
17.217298290292103,28.45808137387865,18.613856099406313,26.818802645868246,1682824512229351758,0.29337436833485786,2.153510729554252,0
17.358793067133462,28.464903665896372,18.74419397636858,26.831030985819677,1682824512329378366,0.3093973623146658,2.14216610327269,0
17.572682902174865,28.477870630022974,18.8879274920921,26.84234582364782,1682824512430333375,0.3705304667848476,2.0987638560769635,0
17.716350285154494,28.487652257133117,19.120556650489338,26.862884855205913,1682824512529384136,0.3271755778058556,2.1474786673706845,0
17.931828793179402,28.502652566929857,19.253508175285557,26.876944960258164,1682824512629395008,0.3642063126316467,2.0951757948856486,0
18.075530350589865,28.51191503990673,19.48575202397993,26.891358063976288,1682824512729473590,0.310705536561648,2.148238832238141,0
18.291163409073604,28.52448111894127,19.689521154181683,26.90519040628806,1682824512829356908,0.2975272404594044,2.139510877604667,0
18.434992652106917,28.53147960653299,19.829213820330505,26.906317120479205,1682824512929420709,0.28933611202430365,2.141262658339529,0
18.650835560578365,28.539690158786065,19.960142990134454,26.907617424171065,1682824513029369354,0.3074957995978534,2.0923545005960293,0
18.79478292852721,28.54356917703901,20.111690932287438,26.902721561765006,1682824513129416704,0.29318947956615266,2.1039552245516395,0
19.010747357317747,28.547446150389245,20.396581008227088,26.89557340401989,1682824513229322671,0.26330622551017385,2.156204646639681,0
19.154492945949407,28.549641964219216,20.519015008303228,26.89501816868131,1682824513329534769,0.2719513714511277,2.144691204675066,0
19.36913474426924,28.552901148175863,20.66282435246744,26.893282042064364,1682824513429423093,0.3000032687795043,2.1042738366786637,0
19.511823654041198,28.554368096930006,20.79945487829374,26.88916340953335,1682824513529545545,0.2976927414208172,2.104970503498303,0
19.725568431070926,28.555338780673598,21.079493503538753,26.88065621193475,1682824513629445314,0.27273622314338053,2.1535261335527744,0
19.86760500783948,28.555710606464665,21.206397957952177,26.881502227685502,1682824513732991695,0.2758405867700487,2.1436744759514705,0
20.079851885446363,28.556284092352055,21.340753915896382,26.878761037736155,1682824513829468965,0.30948549399981357,2.0985608233169804,0
20.22131340081264,28.556053756260766,21.556687487445316,26.872067599998303,1682824513929426193,0.275906403601037,2.149193645471175,0
20.4330333907655,28.556138192734597,21.679001170348513,26.872316950466416,1682824514029493808,0.3243603415295102,2.0946812845090728,0
20.57451035535459,28.55643196215915,21.89671429794414,26.868511653589984,1682824514129492521,0.2928161429700368,2.1441311139665817,0
20.787138845940056,28.55856049721615,22.08794188130398,26.872213940264373,1682824514229605197,0.32165685444838665,2.1297542691482287,0
20.92938311189891,28.56137241104381,22.22945179122885,26.87882479161464,1682824514329433917,0.33258804147605164,2.1262984415696344,0
21.14396351778045,28.567804791090094,22.371173141367596,26.885458732827214,1682824514430417776,0.3960204152831591,2.0823860641047216,0
21.28785554500469,28.57297680432719,22.524379430934786,26.89356105971351,1682824514529442071,0.38978736763852323,2.0855283656023467,0
21.503749989325275,28.57970327907918,22.753173235037966,26.90388402772191,1682824514629695177,0.36351300846353074,2.090317825151685,0
21.6477127444962,28.582958947350846,22.969267786391683,26.90713751003685,1682824514729442119,0.31453541251831096,2.1342177064490206,0
21.86369258246511,28.58579235318907,23.097027004955592,26.90965541369807,1682824514829423904,0.3349397606149747,2.0809970777553235,0
22.007690623147248,28.58526278336848,23.24780974366805,26.902416720953177,1682824514929463624,0.30571111621309305,2.0904225177862927,0
22.22347170640788,28.58133097494462,23.515187554176304,26.88652174763516,1682824515030929565,0.2673043846500014,2.130940672179632,0
22.365989531357844,28.578274398689892,23.642499667332547,26.879138616764532,1682824515130367994,0.27735439250710564,2.1252154085328057,0
22.575312181514796,28.57492120015072,23.77245587279161,26.874321413897945,1682824515229356765,0.3346826597999929,2.0797097515198737,0
22.711306027013386,28.57338194684345,23.98445695192863,26.868826416773274,1682824515329432010,0.30313200639513815,2.127539149511794,0
22.90785494708748,28.573735643549345,24.10122695269772,26.87370639897334,1682824515429460763,0.3789504845878042,2.077073945767908,0
23.034658337151363,28.575135368109407,24.314671173785616,26.882310184445494,1682824515529445409,0.3304129647675661,2.1222841384685576,0
23.221505498116084,28.577830759117113,24.424707380684914,26.890914018865722,1682824515629374980,0.3736105523451257,2.072047986596246,0
23.345831799109906,28.579026852154307,24.63254682372127,26.89628499628217,1682824515729429006,0.3119757485773736,2.118314355345927,0
23.533526169877756,28.58003618829679,24.744620303092205,26.899892813858557,1682824515829759597,0.34146118409219606,2.071142379986261,0
23.660900167369714,28.5794142369338,24.880128678326457,26.89711452176426,1682824515930542945,0.3162929637285205,2.0776550468230566,0
23.856321129002822,28.576478034657605,25.13766617130867,26.888526660684967,1682824516029651165,0.2713098931640561,2.119203850113974,0
23.988629668934728,28.57453362061594,25.251048188285083,26.885092139769075,1682824516129485130,0.28842171263964983,2.1090075948665516,0
24.189456401591162,28.572418152145854,25.378781298051184,26.883874756624472,1682824516229342937,0.33762848118638433,2.0653504564355463,0
24.325179317884263,28.57106224467022,25.51805270309756,26.880385549306393,1682824516330087661,0.33383296245690175,2.06913861338398,0
24.531192969853937,28.569515924083806,25.71553379384298,26.876127997681877,1682824516429472446,0.349419369390327,2.0664524811015785,0
24.67005734513373,28.568538540652135,25.92330961417363,26.8757189031813,1682824516529421806,0.30901572013761414,2.1062477477401695,0
24.878563197723985,28.568550474407207,26.10800558689965,26.879713955434895,1682824516629379272,0.33747404802836695,2.0889464751679228,0
25.017336537697094,28.56932989036969,26.242880823758554,26.885514589371766,1682824516730535507,0.3417946662494531,2.082592798646107,0
25.224774596775333,28.571212782327386,26.382237791797486,26.88968473598306,1682824516830299139,0.3899260401927899,2.041386200226076,0
25.362778053547913,28.572309756526007,26.58966947582418,26.893442582183997,1682824516929476261,0.33899739894020064,2.0793887445925563,0
25.56849020796097,28.574518000736738,26.7782889821919,26.901417602300423,1682824517029358386,0.3534265678956591,2.0646738283269865,0
25.705028051935145,28.57621526556745,26.910703361912518,26.906849995445867,1682824517129403114,0.35456593898281447,2.0592312541764546,0
25.909382679270472,28.57882041337853,27.04281249221195,26.91158301284194,1682824517229447364,0.4033667125004502,2.0160217485465175,0
26.04583446325607,28.5801157776049,27.185752013790417,26.913670471869235,1682824517330289363,0.38953394891524373,2.019022530588664,0
26.25113633071329,28.58125895977027,27.459746197181367,26.91796383536001,1682824517429366350,0.3313111299229461,2.0560370814289635,0
26.3878727182279,28.582215759588347,27.579176389931973,26.92355618524948,1682824517529455661,0.3466657527936129,2.042144956109041,0
26.59243738708073,28.584358283239574,27.708540110435106,26.92869839338515,1682824517629439830,0.4058567635580092,1.996721052113143,0
26.728902035450716,28.58572396125332,27.91903350890604,26.934302593615225,1682824517730328083,0.3465628670419746,2.035584794991506,0
26.93319581020858,28.588226528743377,28.043108862704894,26.943817370209842,1682824517829414129,0.40887590105068444,1.983932575661444,0
27.06937187171733,28.589930843665506,28.187969620626145,26.948473647368978,1682824517929446697,0.3969858249283164,1.9863641788799777,0
27.27374356380976,28.5921060595219,28.462190100488368,26.960500484400026,1682824518029475688,0.33236582079935406,2.0185494602095235,0
27.409484760970432,28.59348484852164,28.584101872587247,26.97092116552135,1682824518129422664,0.3378600507916469,2.003107152474499,0
27.612073616219515,28.595139260170292,28.721767907254012,26.978072507156128,1682824518229389429,0.37758540910636523,1.961205318996032,0
27.746958609786688,28.595143607702855,28.85813238212755,26.9812332938918,1682824518329923152,0.35902162306506125,1.9594421791326015,0
27.949066172354357,28.593140023407813,29.062528089334204,26.985614836855536,1682824518429430246,0.3301092289019463,1.9554883446250373,0
28.083665222296812,28.590601852060097,29.26565243444818,26.985899849863085,1682824518530865430,0.25988348590827653,1.9930284206564808,0
28.285027143804005,28.586297058893223,29.453348420181893,26.993712788795207,1682824518629393339,0.2608428278648673,1.9751706919152296,0
28.41933578330134,28.583117624042785,29.59022300946609,26.994487032553693,1682824518729494333,0.25161300380197926,1.9735055238358898,0
28.621421688274314,28.578017975492383,29.7197018645371,26.996121698103344,1682824518829451799,0.30809953390725653,1.9257765129913478,0
28.757260241639415,28.57386962595597,29.880359360134413,26.99260315921837,1682824518929425239,0.27470369793437005,1.9395244955382915,0
28.963178747767408,28.56670830093989,30.163910657993547,26.988111383821884,1682824519029366970,0.19783692766779798,1.983362132080217,0
29.102366790951645,28.561268727096138,30.310721065728544,26.9861797341309,1682824519131210565,0.18239273237748085,1.9852015991157803,0
29.31470747618274,28.552085255608088,30.466175563371056,26.976862134762722,1682824519229894638,0.22155852824675218,1.951206456595235,0
29.458480837539877,28.545248526037767,30.634451859838343,26.961126944261636,1682824519329442501,0.19766459221115767,1.972903705489604,0
29.674194083352614,28.534124864264875,30.883035245919995,26.938660074951336,1682824519429343700,0.16834816473378555,2.0017004896478774,0
29.817980416876246,28.52628354557381,31.13333615210769,26.90841779117677,1682824519529375791,0.12956904697496555,2.0851019901810472,0
30.033650462286523,28.514349114440726,31.284126227699286,26.890893288870398,1682824519630728721,0.1574753705369259,2.049218987190698,0
30.177430595330744,28.506394662450536,31.535928575168143,26.852174751281847,1682824519729374647,0.16591977231577154,2.140551395255259,0
30.39312083491802,28.494832103211895,31.67763496896722,26.833688021060222,1682824519829372167,0.18253213740317537,2.0998514762334235,0
30.53693022740311,28.487425701536882,31.924753110795418,26.793114403295675,1682824519929464578,0.21513621761265764,2.190146828643034,0
30.722093191141276,28.44500567955265,32.132143088548716,26.765225404840727,1682824520029362201,0.5231466582615618,2.1931489882107864,0
30.82293919318155,28.395519427690445,32.11976716935131,26.59958723539517,1682824520129436969,0.7490121125832641,2.2152054620506596,0
30.94572914057204,28.298253121351895,32.10199659541804,26.476386976988557,1682824520229835033,1.1026844134945897,2.15781154763649,0
31.0113950226885,28.22197517186689,32.03570364686934,26.346863341841175,1682824520330248117,1.2477447620721942,2.1366451583437125,0
31.089352954227177,28.095833026328805,31.89114475665796,26.089969573453306,1682824520429488897,1.3745706916754552,2.160175522041396,0
31.129612936251913,28.00595660122407,32.38209084071129,26.353656053636165,1682824520529387712,1.0774829977501796,2.073354287312772,0
31.176110810020006,27.86353070922994,32.55916967318022,26.30842993480049,1682824520629392623,0.6895685245968659,2.081151180860513,0
31.199639729658806,27.763907725986044,32.69478727665452,26.257078745107112,1682824520729429006,0.4715244636777567,2.1227340306557374,0
31.226239765402845,27.608002791676988,32.92513961907432,26.14938411021699,1682824520829414844,0.28319448996611063,2.2391581388345654,0
31.23918815995562,27.501059259605313,32.93674893932471,26.06216509217141,1682824520929450273,0.23394683724426396,2.225337957418489,0
31.254008679483146,27.33643019553462,32.98822862395309,25.971584624018178,1682824521029403924,0.22190486454161934,2.2068806605445137,0
31.2613653033271,27.222214740476627,33.05302845924558,25.814908011131738,1682824521129443407,0.30617666775901364,2.278282048986732,0
31.26878430680927,27.043472833856942,33.063930265165816,25.71419444112652,1682824521229556798,0.3345345621108071,2.2337256002436416,0
31.271943182340625,26.919803487544815,33.08629578955424,25.586737204596645,1682824521329420089,0.3712726996456693,2.2514309001246526,0
31.275109984384848,26.728138449594034,33.118968733133,25.33450829981635,1682824521429406881,0.4086150837238681,2.311281047320832,0
31.276344277299824,26.596515445761078,33.11822876123073,25.214570576018293,1682824521529434919,0.4166063939692609,2.3026745482490205,0
31.27718395681764,26.392872465574644,33.125379982534106,25.08381580407141,1682824521629422664,0.4437009549678466,2.264830654265376,0
31.278027164500145,26.252898121008663,32.90150199532736,25.026950213989046,1682824521729389905,0.2669745294956808,2.0343595545171524,0
31.280252304363557,26.03740279607305,33.104036671366465,24.74709389370535,1682824521829433917,0.40787797950216537,2.234073964946893,0
31.281822018469533,25.893411351991862,33.10582365063064,24.525483835032375,1682824521929395198,0.3955992577080906,2.279957816667082,0
31.283525154793654,25.677418157485278,33.12489409222123,24.320206366607316,1682824522029438495,0.41918497584615866,2.287501564812871,0
31.28475629637533,25.533423436869857,33.12769562905319,24.178566700248602,1682824522129408359,0.4186119020557962,2.287370140729112,0
31.287543776899366,25.31744182570392,33.135801556141935,24.034072369029023,1682824522229314088,0.42666145049361837,2.250131991874409,0
31.290667280989357,25.17347604651917,33.147052941762084,23.878690209610955,1682824522329461574,0.41762176299446085,2.263324564657199,0
31.297514110079046,24.958120770825783,33.167173719981534,23.583189651953557,1682824522429482698,0.4062718236070772,2.3207892275137687,0
31.303070927598938,24.815626544665314,33.17122835309633,23.457341682866627,1682824522529465198,0.39808033236856094,2.309751054168507,0
31.31331435180128,24.602824491257305,33.18064479366002,23.322082276354006,1682824522629511833,0.38434493612058196,2.2643373423868995,0
31.32231634899723,24.460792948623077,33.19654279715609,23.17152961660168,1682824522729462862,0.3697880336475472,2.274846086721713,0
31.339474092880764,24.246853794316348,33.2267425099664,22.892350862025488,1682824522829369306,0.36225601828100257,2.323028254609371,0
31.35265137972354,24.103778351630332,33.24045302929356,22.777748959650133,1682824522929388761,0.351479030412924,2.3069783303088642,0
31.374511602391905,23.888887855300354,33.25811306517955,22.641933658214114,1682824523029452085,0.33079089004697715,2.258948702438093,0
31.39005031944693,23.74572877375111,33.29087553172263,22.431332307072175,1682824523129501104,0.34660475587132356,2.311011587863854,0
31.41256684080723,23.531433702441728,33.29971001622555,22.312703356034813,1682824523229412078,0.3394399898996206,2.2464667862626126,0
31.42693823700267,23.388753448910222,33.325380417891026,22.08654184705488,1682824523329423427,0.350964813156298,2.3021376523098676,0
31.446544606300016,23.175742593704904,33.33157656135271,21.9128697329245,1682824523429526090,0.3552490350650197,2.2689630526003444,0
31.45812499600065,23.034465983277048,33.33606510071962,21.767829940681853,1682824523530378580,0.35724614012429384,2.2651767925071824,0
31.47312320131671,22.823733472867627,33.339685695873676,21.624351879313682,1682824523629591226,0.38017180732310113,2.218686943451627,0
31.48175154310442,22.683843152554452,33.34288814115638,21.468315574394985,1682824523730190515,0.38189656531389415,2.222911768351286,0
31.49217528590692,22.47518801045533,33.34390025609456,21.25172882481927,1682824523830347299,0.3970570408559757,2.219400311826069,0
31.497364347351798,22.337028951750476,33.01046581456229,21.137785796974768,1682824523929479122,0.17185789535667004,1.9307149438358138,0
31.503024948104937,22.130848577445725,33.32903360222111,20.902802265657687,1682824524029411315,0.4065859950438935,2.200546602279388,0
31.50609400294767,21.993846894177498,32.95399163232875,20.801145399624822,1682824524129410028,0.1901629790678297,1.8758849645635371,0
31.51071456173306,21.78835665420755,33.29549429222439,20.558668406138707,1682824524229312419,0.3700829759597065,2.16738826097479,0
31.514175086131203,21.651172895893964,33.26041997182675,20.336741758579052,1682824524329480886,0.3022552889621906,2.1856578907873083,0
31.520008773361692,21.445066425723734,33.28326591036506,20.13307574912772,1682824524429453849,0.3124425000983934,2.1978160220246328,0
31.524506993821028,21.307404321724018,33.287395197254114,19.993659314491417,1682824524530523061,0.3066866898912216,2.1985678888385776,0
31.531957711687742,21.100716315449862,33.29594113228611,19.854906077832098,1682824524629391908,0.3193003285392088,2.159555661773771,0
31.537581373218263,20.9627042486227,33.30736338875627,19.704975982946614,1682824524729398012,0.3132164867652892,2.171176817489159,0
31.547018475886954,20.75538124849967,33.325903445854564,19.417009821371845,1682824524829369783,0.2996701751270947,2.2261333772550187,0
31.5534591866184,20.617321679428372,33.328162151815164,19.29642758218727,1682824524929434776,0.2979149383777869,2.2123136827323036,0
31.56290657585274,20.410250240432948,33.335504851856534,19.15533358122051,1682824525029628276,0.3090011004366641,2.1718472482337536,0
31.569622921385474,20.27112835161473,33.34405986485068,19.01893882262666,1682824525129422664,0.30529681219568444,2.171774639054777,0
31.580845035406888,20.059444476430297,33.35770936316315,18.799952098185887,1682824525229484558,0.2975736709339396,2.177973344673548,0
31.5888461905685,19.916060756456478,33.371360131913264,18.590481936380304,1682824525330555438,0.2915477309590136,2.221376861165837,0
31.600535491280425,19.70037740114406,33.3742782414078,18.46549782093269,1682824525429378747,0.3030410579141838,2.161270672834024,0
31.608366303748248,19.556590483430316,33.38981157505187,18.23851460684297,1682824525529436588,0.2931757607732817,2.2160485714648828,0
31.61801066757208,19.340807891222255,33.389484660057825,18.11827039436762,1682824525630424737,0.3305944995334537,2.1523749759902393,0
31.623300560882008,19.19690522017015,33.046730120192656,17.996943039464636,1682824525729492664,0.168144939958424,1.8617360031548087,0
31.62908966193567,18.98173702414192,33.44631609120673,17.678335677065036,1682824525829420089,0.38094807783743184,2.2363289039859717,0
31.63082897352199,18.83993579994089,32.99186831947728,17.674747990070106,1682824525929449558,0.24542688397409507,1.7916726077913534,0
31.630401835656034,18.629893472428105,33.369068910807805,17.416835432351935,1682824526029521465,0.39332140491507006,2.1200172185173995,0
31.629254901274876,18.49074802633814,33.05996898890666,17.367835278686094,1682824526130374193,0.30472588185394184,1.8187566740461778,0
31.627983723621824,18.281705054127336,33.30207144671923,17.0623008269656,1682824526229432344,0.33227152401770615,2.0711147659763744,0
31.628175493424326,18.141399687110617,33.28807922539108,16.839007678707006,1682824526329406738,0.2636652423931992,2.1098590813015807,0
31.630579060121786,17.928743699623666,33.30617570910332,16.708275035748613,1682824526429394960,0.29309004636447633,2.0729611403929185,0
31.63364082735202,17.785270446775133,33.33668419199696,16.466574996141194,1682824526529389381,0.26478443158882436,2.1539067745340783,0
31.637290219838917,17.56930260012726,33.33928999734598,16.34415177826083,1682824526629508495,0.32027086434616325,2.097092696795751,0
31.63852768655787,17.425308117736346,32.99572411879015,16.23470947794382,1682824526729398965,0.22397367401955282,1.8054105562834841,0
31.637787274787076,17.209311998825065,33.41622065593996,15.893501999095554,1682824526829474210,0.394093114253634,2.212279649272906,0
31.634772634866632,17.06534475064422,32.94830223453101,15.911957224710726,1682824526932411909,0.3027776485120865,1.7480454210842042,0
31.626818413448152,16.849492497831726,33.33510787949253,15.629717987751308,1682824527030215740,0.43265217152648816,2.099071879483911,0
31.620863186879532,16.705778135096033,33.03021233885123,15.60284678823633,1682824527129484891,0.3722214254316599,1.789615206699221,0
31.613348169186416,16.490321476494262,33.29106285918633,15.185321968012083,1682824527229359626,0.34233206734414623,2.1255000113338616,0
31.610455989384587,16.347299029633586,32.88050191563519,15.21100870782469,1682824527329422473,0.32430365170055364,1.7041632404855842,0
31.610855484324993,16.133784853850177,33.285680230614204,14.92565078003138,1682824527429493665,0.30840386587059265,2.0650970609404107,0
31.61418984194,15.992300312673597,33.26339458025982,14.71350217535406,1682824527529397726,0.21984292610448156,2.086911820108474,0
31.621394757755606,15.78170953275135,33.29936968412447,14.582846524505342,1682824527629472494,0.26759242197484095,2.06224934623902,0
31.62683589454,15.642539122839901,33.32368984729085,14.434246654227357,1682824527729397296,0.27263799838869174,2.083094819414608,0
31.63464703605849,15.43588141512531,33.36199219829603,14.1536098015854,1682824527829441785,0.2752880658474934,2.151265162734636,0
31.639325437614453,15.29963098336901,32.99451778287205,14.123008292991052,1682824527929453372,0.21684455560506508,1.7947109093547782,0
31.64586614306255,15.097110342920276,33.38311604867172,13.888435132341426,1682824528029367208,0.31957290701206065,2.1163489785966045,0
31.65067963084556,14.96308191591385,33.0730276701807,13.841563279513991,1682824528129507303,0.24298234248204179,1.8113194077226464,0
31.659736178934505,14.76282522895253,33.34136818867689,13.56645213905549,1682824528230821847,0.24626643864479128,2.0637816712094317,0
31.667231905184984,14.629621872071437,33.34809868586802,13.36426458638238,1682824528329384088,0.19656142404304405,2.1039111661023435,0
31.680073081803517,14.43015886051206,33.373809247245475,13.24894068541932,1682824528429440259,0.22985175854128187,2.064950017626444,0
31.69001929898339,14.29735833402402,33.41599290535472,13.043242169014492,1682824528529393434,0.21308715990298568,2.13349296816949,0
31.704546673129336,14.099483142296856,33.42736283673212,12.929342362245649,1682824528630563259,0.25411289278312127,2.082624540984253,0
31.714557276125436,13.9683927443901,33.164543205846385,12.856437234829428,1682824528729444503,0.2007782595006733,1.827266880242472,0
31.7303017605894,13.772809256956474,33.487265777027,12.530305948904864,1682824528829303026,0.2390621291104997,2.1519147347364243,0
31.74066601032538,13.64338434435985,33.03131602990449,12.503119012366604,1682824528929405689,0.27970343075835324,1.7222028046618725,0
31.75572467055149,13.450522058973233,33.48889805135364,12.284249313401222,1682824529029478311,0.25175479896663844,2.08903855516963,0
31.765864235829834,13.322516245754048,33.16039144917382,12.22765225448076,1682824529129417657,0.23929988799655627,1.7729730139355822,0
31.781883039428156,13.130774374112061,33.5204138560003,11.897147779833627,1682824529229368925,0.2155611483742055,2.1317420046248623,0
31.791602615613158,13.003715577339463,33.43672838335496,11.811724612072478,1682824529329396009,0.17492945814273364,2.0315711291919305,0
31.806561391704555,12.812906638302257,33.492486849860406,11.669389131247817,1682824529429402589,0.22394002863525161,2.037149218736324,0
31.817227242198957,12.685218515331147,33.51583822746333,11.532588772736114,1682824529529412269,0.2197599241362175,2.052762675706933,0
31.832899401043235,12.493279460364409,33.559774696946576,11.28205869672668,1682824529630739450,0.22298851785271986,2.109301786342679,0
31.843404480368548,12.364894170078998,33.177991451402896,11.235241052408975,1682824529729417562,0.2515075215749268,1.7484960822135795,0
31.85939570579824,12.171378373118658,33.60308831521861,11.02447801237567,1682824529829430818,0.26320877988303754,2.087065967721105,0
31.869773506962307,12.04183178542729,33.175717569416456,10.920279411729098,1682824529929467439,0.2786224427980966,1.7214440511405806,0
31.884788312881643,11.846386057617872,33.622568868879284,10.707438522228834,1682824530029424905,0.2744077618089115,2.0777590690867496,0
31.894844508729737,11.715080860079977,33.196279886248924,10.609252868400324,1682824530129709243,0.2923085454315435,1.7078025614926233,0
31.910628741113104,11.516051853097608,33.70727322155422,10.311037046192057,1682824530229389667,0.287654587846569,2.1633289333712384,0
31.921916904143934,11.381802356263568,33.187482510257425,10.299628858134362,1682824530329421043,0.33508937721724746,1.6651593867947327,0
31.940404439946317,11.177702017702723,33.67932576137268,10.066432666379297,1682824530429379224,0.25886586585254046,2.063678011052596,0
31.95372213071932,11.039835913893983,33.32387803075929,10.005539591961739,1682824530529466152,0.29360397464003907,1.7167108294575717,0
31.974455018397048,10.830660970411548,33.669430930402775,9.750991075449882,1682824530629532098,0.23877918461683606,2.0096344006724665,0
31.98840089531962,10.68989075294152,33.2636842813935,9.637860742362763,1682824530729393482,0.3468252646001175,1.6532134943661703,0
32.0089774068714,10.476898522483589,33.74533822590171,9.415483394764903,1682824530829492330,0.28795083699801166,2.0350800886485234,0
32.02221831427705,10.333883030636818,33.394727119027415,9.357603475578083,1682824530929407596,0.3449356779841759,1.684310597467986,0
32.04088422689104,10.118691578916199,33.792915561443,9.00525024884138,1682824531029391527,0.2860795212662928,2.07590110380305,0
32.05226831123939,9.975142469995536,33.285595035548944,8.989166633279087,1682824531131483554,0.42518720364338564,1.5790006838139248,0
32.067410872886434,9.759674958673248,33.799115751310424,8.750943483993206,1682824531229378461,0.3830827004423163,2.0040810796890476,0
32.07608395983699,9.615936694308106,33.34099524080413,8.663526577569066,1682824531330637216,0.4413176519080099,1.5833779015714489,0
32.086743986762436,9.400201359542617,33.81912894893098,8.410810212378154,1682824531429349422,0.44182762696166855,1.9950068920269737,0
32.09248452591637,9.2563159765942,33.358854749302125,8.324566921504148,1682824531529372930,0.47207046369028194,1.5722117682867325,0
32.10002756908057,9.04044783275889,33.904022901126865,7.9751372690795685,1682824531629346847,0.4557034879929612,2.095062231804007,0
32.10487784969471,8.896529541837282,33.34425637738094,7.994731221350923,1682824531729327440,0.5141203190329371,1.5327424264114626,0
32.11257945640566,8.680667006918837,33.84275727073812,7.7292977846699165,1682824531829355478,0.48759334791814696,1.974492002073129,0
32.11835371565089,8.536782918157252,33.48382287948911,7.690220734106454,1682824531929378747,0.5190396367045201,1.606603114916035,0
32.12813293511057,8.32100464064182,33.80097307918498,7.3752073559590485,1682824532029382467,0.4447119835871051,1.9216988971584976,0
32.13522844723685,8.17717959332049,33.38602691666103,7.29559246356514,1682824532129270315,0.5155215254966866,1.53025902332388,0
32.146413623649124,7.961469433264539,33.86038171312913,7.046048311971049,1682824532229336500,0.47986674062922047,1.943111535930444,0
32.15411134857708,7.817675330472202,33.50974982161131,7.002774401850041,1682824532329466581,0.537920878043246,1.5817140048187688,0
32.16578234454507,7.601990867416398,33.89364109205378,6.607003148375338,1682824532429423570,0.41624673193420453,1.993864692596988,0
32.17360708205557,7.458203617136996,33.38338790310488,6.611101670146108,1682824532530297279,0.5623206182812494,1.4768721486894205,0
32.18541326388482,7.242526512511318,33.89363529728695,6.377037365744598,1682824532629379272,0.5175443963902314,1.9149657904441773,0
32.193365490414024,7.098746257689832,33.43735530262037,6.28091279377736,1682824532729440689,0.5717127069970265,1.488745185573491,0
32.20541599057625,6.883082668235518,33.92779295157557,6.037600576110178,1682824532829361200,0.5393337736582384,1.9187033027244977,0
32.21355380605586,6.739430730489255,33.463915060575935,5.94434773670926,1682824532929410934,0.5885772302644113,1.4817422966910165,0
32.22571763321888,6.524172681391491,34.03078318538124,5.6146928761303165,1682824533030589342,0.5271758165414943,2.0212409959678515,0
32.23365622702853,6.3834193782552475,33.43703043073194,5.681840273871066,1682824533129350900,0.6935882748088401,1.3929546704208697,0
32.24470065071369,6.1732703933465185,33.97712847405836,5.413228774370555,1682824533229396581,0.6320749232153863,1.8918164355122726,0
32.25124476617463,6.033933917666953,33.59208639769906,5.359804006468061,1682824533329391002,0.6876856737905312,1.5007689422433192,0
32.25960202086138,5.825929968485287,33.99222318759221,4.933645536730826,1682824533430282354,0.5389205021761385,1.9488836842036221,0
32.264488766083474,5.688443411740355,33.46173152860629,4.959860517764599,1682824533531358480,0.6882551201165519,1.4015074975922746,0
32.2723037151144,5.48379760843392,33.970230339343395,4.7029686452608646,1682824533629366159,0.6182011046404414,1.8688629406662198,0
32.27859634842568,5.348709582157771,33.48428231349503,4.611456293270542,1682824533729353904,0.666067177241503,1.4132307165994682,0
32.29072749527024,5.14796906541136,33.98814006258029,4.370635507449858,1682824533830626964,0.5723866972846965,1.8669378361357383,0
32.30108765800184,5.0156260989522465,33.499180355997744,4.260769410738275,1682824533929434776,0.6302993976073807,1.41606311043416,0
32.32004365019717,4.81869078783468,34.02776577171541,4.043376772572722,1682824534029400110,0.5123351363294244,1.8754803828844415,0
32.33435581465137,4.688693717592351,33.51919708174718,3.9980044375106902,1682824534129370212,0.6731932770774808,1.371459262914117,0
32.357241059377046,4.4932578441263775,34.062578420634324,3.7660039293695906,1682824534229408025,0.5278204262762786,1.8539346731287512,0
