1.2099067758354012,2.3093822089188762,1.0,1.0,1682820044504700899,2.362092764083555,1.3261005329819038,0
1.2099067758354012,2.3093822089188762,1.0,1.0,1682820044518376111,2.362092764083555,1.3261005329819038,0
1.1016510395371621,2.424749082245923,2.5,2.5,1682820044617444753,2.3828572440035822,1.4003722775927585,0
1.0166179037811482,2.5031318387833577,2.5,2.5,1682820044717472791,2.552784927067489,1.4833854023135051,0
0.8793296969627602,2.6234616292033923,2.34,2.66,1682820044817707538,2.5322628145490267,1.4611272315289219,0
0.7830786716557804,2.7050771649921064,2.0999999999999996,2.9000000000000004,1682820044917510747,2.3331655961866495,1.3312688295965684,0
0.6328382996278752,2.828640528217409,1.9399999999999995,3.0600000000000005,1682820045017820835,2.319193022316586,1.3274784051363182,0
0.5293461099400759,2.9113221931696693,1.7799999999999994,3.2200000000000006,1682820045117759466,2.236561304393037,1.2881836597130092,0
0.36991636376058684,3.035174587924213,1.5399999999999991,3.460000000000001,1682820045217695713,2.114856818583351,1.2448181981882367,0
0.2611970963245098,3.117447750874084,1.299999999999999,3.700000000000001,1682820045317507028,1.9210823809367068,1.1909989906151441,0
0.09455195804227108,3.2403428751823484,1.1399999999999988,3.860000000000001,1682820045418570995,1.9191255612196112,1.2152927880846356,0
-0.01886612056775052,3.3219242417297803,0.9799999999999988,4.020000000000001,1682820045517376422,1.8383951463713921,1.2186235231204958,0
-0.19139393585156872,3.4441850819214967,0.7399999999999989,4.260000000000002,1682820045617346048,1.7185666967178155,1.2381634158302819,0
-0.3078856751861732,3.5256598226197164,0.49999999999999895,4.500000000000002,1682820045718378782,1.5269329222317516,1.2657085151915757,0
-0.48380608987295054,3.6476767567133903,0.3399999999999989,4.660000000000002,1682820045817414999,1.5192995161331684,1.3051646726026882,0
-0.6005628112612235,3.728617230185326,0.09999999999999888,4.900000000000002,1682820045917391300,1.3231670104911573,1.3648904153597567,0
-0.7753438841871254,3.8476571608156154,0.09999999999999888,4.900000000000002,1682820046019225597,1.55019238582888,1.3688142192300814,0
-0.890259129272936,3.925561007937326,-0.06000000000000112,5.060000000000002,1682820046118127107,1.4616957470525718,1.405802990626081,0
-1.0317258018052973,4.055698220257898,-0.30000000000000115,5.180000000000002,1682820046217449665,1.0984980502345483,1.3414459142875896,0
-1.1076391424279963,4.150698612618152,-0.30000000000000115,5.180000000000002,1682820046317711591,1.0933082236690186,1.308335710147831,0
-1.2046223507206422,4.302912112054222,-0.30000000000000115,5.180000000000002,1682820046417418003,1.1313072107880389,1.2600098255984071,0
-1.2612376103978062,4.410602752482829,-0.30000000000000115,5.180000000000002,1682820046517457485,1.1818407221612517,1.2312391595990948,0
-1.3376971299877556,4.581204697015661,-0.30000000000000115,5.180000000000002,1682820046618468761,1.2864485471943685,1.1980697594301144,0
-1.3817976540364034,4.7007398391078095,-0.30000000000000115,5.3400000000000025,1682820046717472314,1.1856297370131326,1.2565586805169808,0
-1.4432953171232608,4.887694906125485,-0.30000000000000115,5.3400000000000025,1682820046817822456,1.3418374337552494,1.2295137575890769,0
-1.4800351048758333,5.01640791388524,-0.30000000000000115,5.420000000000003,1682820046919211626,1.3496257607713567,1.2471445067488298,0
-1.5282231844421323,5.214029492391852,-0.30000000000000115,5.660000000000003,1682820047020391464,1.260076273410751,1.3066835441136624,0
-1.5567517128339057,5.3481695222593135,-0.30000000000000115,5.900000000000003,1682820047118498086,1.1315411225755847,1.3725675735185028,0
-1.5992909976082654,5.552771811521389,-0.30000000000000115,5.900000000000003,1682820047217524051,1.3398296893314139,1.3448882895393277,0
-1.6262317521811498,5.690770575334944,-0.30000000000000115,6.060000000000003,1682820047317468881,1.3017899167128903,1.3766702686307897,0
-1.663587383143361,5.899566706444708,-0.30000000000000115,6.220000000000003,1682820047418372154,1.3314402184473373,1.400731254411941,0
-1.6869693304059792,6.039874388796563,-0.30000000000000115,6.3800000000000034,1682820047517574548,1.3035782651676098,1.428064898694496,0
-1.7203603736719257,6.2519230436444575,-0.30000000000000115,6.620000000000004,1682820047619199991,1.2682974598823504,1.4672778322108637,0
-1.7417849116731527,6.394224493673444,-0.30000000000000115,6.860000000000004,1682820047717445850,1.169385462167938,1.5151536403355672,0
-1.7749552134117375,6.6076621793811645,-0.30000000000000115,6.860000000000004,1682820047817458391,1.3958210984212651,1.4963847290336552,0
-1.7961709900323668,6.750090215729726,-0.30000000000000115,6.940000000000004,1682820047918712615,1.4458579770582245,1.5081755062246611,0
-1.824985265666464,6.964110021011896,-0.30000000000000115,7.180000000000004,1682820048017511844,1.4002266312115865,1.5401910737071873,0
-1.842660976001505,7.106931392786291,-0.30000000000000115,7.420000000000004,1682820048117582798,1.2969013268958935,1.5741076328195118,0
-1.865218678033395,7.320808380918835,-0.30000000000000115,7.5800000000000045,1682820048217574596,1.31985908869914,1.586533896727871,0
-1.877693510764286,7.462932684304756,-0.30000000000000115,7.820000000000005,1682820048320807456,1.206202296562133,1.617595092056583,0
-1.8934526250503116,7.674942079489733,-0.30000000000000115,7.980000000000005,1682820048418613910,1.2358534352154562,1.6223907060710676,0
-1.9022785607301875,7.81533879693597,-0.30000000000000115,8.140000000000004,1682820048518575191,1.2048341221929335,1.634839895203987,0
-1.9135697253501982,8.024222516399306,-0.30000000000000115,8.460000000000004,1682820048617403745,1.0835323178785858,1.6713794523626488,0
-1.9217218949059414,8.162825292957903,-0.30000000000000115,8.460000000000004,1682820048717602729,1.236678014760601,1.6487251775001412,0
-1.9334112208415501,8.369091732721147,-0.30000000000000115,8.620000000000005,1682820048817580461,1.2753374840202938,1.6525698699177467,0
-1.9411438874189633,8.505716900151985,-0.30000000000000115,8.780000000000005,1682820048918484687,1.2571556436261209,1.663906391019297,0
-1.9538152078103943,8.710021473426844,-0.30000000000000115,9.020000000000005,1682820049017514228,1.2392533933704641,1.6826144622347097,0
-1.9635691149705452,8.846112151804398,-0.30000000000000115,9.260000000000005,1682820049117448329,1.1575945818512137,1.7142827512309249,0
-1.9840379164556468,9.051637646440849,-0.30000000000000115,9.260000000000005,1682820049221169471,1.4217252569862626,1.6968790688911755,0
-2.0000305384973465,9.189300621559168,-0.30000000000000115,9.420000000000005,1682820049317566156,1.4161368196718005,1.7156124373052797,0
-2.025104710655612,9.396524045403677,-0.3800000000000011,9.580000000000005,1682820049417521953,1.451520089126069,1.6553044840561253,0
-2.0420179861974823,9.535595305983716,-0.4200000000000011,9.740000000000006,1682820049517621278,1.4238349476054266,1.6348466675759001,0
-2.0669657209630783,9.74617780882576,-0.4200000000000011,10.060000000000006,1682820049617670297,1.318811400305181,1.6765978807396942,0
-2.0830127121290296,9.887969159475595,-0.5000000000000011,10.220000000000006,1682820049717653512,1.2755623160291183,1.6174590337382424,0
-2.1058282162087782,10.102517998036811,-0.5000000000000011,10.380000000000006,1682820049817568540,1.3200442371312568,1.6296258838720519,0
-2.1199320671262596,10.245825459237798,-0.5000000000000011,10.540000000000006,1682820049920691967,1.2974215019504516,1.646425996677837,0
-2.1393043061313133,10.460954146636968,-0.5000000000000011,10.860000000000007,1682820050017621517,1.1854679712251104,1.6871740281271812,0
-2.152136550229207,10.604381222642083,-0.5000000000000011,10.860000000000007,1682820050119439840,1.3323071509262228,1.6717942875668708,0
-2.169601253552697,10.819666525761479,-0.5000000000000011,11.020000000000007,1682820050217780590,1.3681490251100168,1.6815771902488488,0
-2.17967409911356,10.963232700152323,-0.5000000000000011,11.180000000000007,1682820050318476200,1.3405893462643552,1.6936035963342193,0
-2.1925087389126685,11.178404338295818,-0.5000000000000011,11.420000000000007,1682820050417486906,1.2991136247865704,1.7096649657315999,0
-2.1995778075467065,11.32162252210994,-0.5000000000000011,11.660000000000007,1682820050518731355,1.19453703721828,1.732935094413091,0
-2.210251969835674,11.537018771242245,-0.5000000000000011,11.660000000000007,1682820050617473363,1.4087997735670805,1.714667951223667,0
-2.2163668482522096,11.680379243497454,-0.5000000000000011,11.740000000000007,1682820050717482805,1.4556581477782997,1.7174020473916864,0
-2.223119266045441,11.89520483016768,-0.5000000000000011,12.060000000000008,1682820050819287538,1.333057333323508,1.7309816443327875,0
-2.2260826610738853,12.039167246283114,-0.5000000000000011,12.220000000000008,1682820050918823242,1.3042081755910884,1.735529267306298,0
-2.2284472008145366,12.255153368294877,-0.5000000000000011,12.380000000000008,1682820051017516374,1.3396366124158052,1.7329502033964277,0
-2.22872018344862,12.399152904848732,-0.5000000000000011,12.620000000000008,1682820051117630720,1.2344764678846893,1.7427698964864475,0
-2.2281387453799746,12.615151890742105,-0.5000000000000011,12.700000000000008,1682820051217559099,1.3584532408108667,1.7302204266879146,0
-2.227034598326332,12.759147595907864,-0.5000000000000011,12.940000000000008,1682820051317666530,1.2576392873721574,1.7364780723873536,0
-2.225000920708263,12.975138020489542,-0.5000000000000011,13.180000000000009,1682820051417619705,1.2327150412512369,1.737123083461071,0
-2.2239272849095375,13.119133975220876,-0.5000000000000011,13.420000000000009,1682820051517531633,1.1439785149752293,1.7499844709373749,0
-2.225716654308488,13.335123033047399,-0.5000000000000011,13.420000000000009,1682820051620347738,1.3911561413246853,1.7278026711626395,0
-2.2284052077555305,13.479097756248247,-0.5000000000000011,13.580000000000009,1682820051717627763,1.3848136723920197,1.7313479791741968,0
-2.233489558292615,13.69503783976264,-0.5000000000000011,13.895608442555963,1682820051817637443,1.2963546367205372,1.745054330218517,0
-2.2367172494619445,13.839001620632496,-0.5000000000000011,14.060314528526135,1682820051917725086,1.2732476791498504,1.7507616079235335,0
-2.240079793440318,14.054974474706714,-0.5000000000000011,14.380726319949236,1682820052018235683,1.1568925821327687,1.7703084342052386,0
-2.241666583965583,14.198965696691412,-0.5000000000000011,14.22000000000001,1682820052118209362,1.44867997331604,1.7417935961582869,0
-2.2410609003146984,14.414961430738808,-0.5000000000000011,14.538424145277718,1682820052217498540,1.314601700247468,1.7454329263784218,0
-2.238410913997852,14.558936550404894,-0.5000000000000011,14.698600116984643,1682820052317489862,1.2789402239867669,1.7440121610059431,0
-2.232116561343374,14.77484399279898,-0.5000000000000011,14.94000396738354,1682820052418140411,1.2330328468237475,1.7399728731462347,0
-2.2269892997138623,14.918752601828537,-0.5000000000000011,15.182729577225729,1682820052517415523,1.1282398682206283,1.7470477626172738,0
-2.2203856905382966,15.134651074819857,-0.5000000000000011,15.02000000000001,1682820052617528915,1.5127704339895218,1.7242017843530595,0
-2.216201673286739,15.278590274258132,-0.5000000000000011,15.342734509830084,1682820052717633724,1.3339103645431498,1.7173999727347469,0
-2.2107800913604896,15.494521734192613,-0.5000000000000011,15.26000000000001,1682820052817568063,1.6370258131612372,1.7267799410475289,0
-2.20780842959978,15.638490998103604,-0.5000000000000011,15.659961061419567,1682820052917555809,1.3903818999795179,1.707943381916056,0
-2.2047237647602747,15.854468170297503,-0.5000000000000011,15.897913427339427,1682820053017544269,1.3830099875650277,1.705277280824992,0
-2.2038245921358617,15.99846514002941,-0.5000000000000011,16.14124864452495,1682820053117532968,1.2964025675908608,1.7097968797266416,0
-2.204615758817627,16.21443944349966,-0.5000000000000011,16.29999919891759,1682820053218348026,1.3734548559682995,1.7067616579231462,0
-2.206943564875191,16.35841897673893,-0.5000000000000011,16.455780923419766,1682820053318098068,1.3806142071405143,1.7097180125185274,0
-2.2145264358516954,16.574282720163144,-0.5000000000000011,16.69743045501596,1682820053417492151,1.3960934954797406,1.7189433567845376,0
-2.2220905181220187,16.718083029973826,-0.5000000000000011,16.94547005782056,1682820053517518043,1.3224604082189897,1.737037884744812,0
-2.2376283573520883,16.933518696192742,-0.5000000000000011,17.18278286518215,1682820053617528915,1.3477274656384834,1.7554158863973215,0
-2.2511269227663386,17.07688316046262,-0.6607106214859149,17.34142124297181,1682820053717532396,1.3215492689379496,1.6122668539904121,0
-2.2753050139417494,17.291523192109732,-0.5800000000000012,17.501890476621234,1682820053817464113,1.4352867364073714,1.7083071985707883,0
-2.2931478582376803,17.434413262668578,-0.7002675198698679,17.66053503973971,1682820053917487144,1.4034932189261957,1.6088501578532923,0
-2.320834038312914,17.64858471359318,-0.6600000000000013,17.897216082650502,1682820054018825531,1.4067774550572945,1.6793413174510103,0
-2.339785611212522,17.79091757940267,-0.8200062756692651,18.140012551338494,1682820054118772029,1.2756465867452926,1.5593577293793675,0
-2.366733753957611,18.00152546855874,-0.7400000000000013,18.297224370072705,1682820054217466354,1.3435210026053377,1.65339062130568,0
-2.3830741907875996,18.140017958090635,-0.7400000000000013,18.459964874351154,1682820054317551851,1.3095693592836355,1.6739351318545581,0
-2.404123330231806,18.347077130603303,-0.7400000000000013,18.699070034903038,1682820054417471408,1.2501630743198402,1.700942521926933,0
-2.416599288935245,18.486339367825593,-0.7400000000000013,18.619999999999955,1682820054517594337,1.4522354812531302,1.6819186485235884,0
-2.4316251206299317,18.69842610127474,-0.7400000000000013,19.020003967383477,1682820054617533206,1.2294925978015954,1.7219198218027676,0
-2.4386798608203577,18.842115389953772,-0.7400000000000013,18.85999999999995,1682820054717588424,1.5001370523995876,1.6987740075811053,0
-2.443963652580479,19.058043648516506,-0.7400000000000013,19.186921901563853,1682820054819569587,1.3426748232957542,1.7088305162958495,0
-2.4443629407817244,19.202042079929228,-0.7400000000000013,19.339703157944776,1682820054918454170,1.307449486072284,1.709913332982267,0
-2.441441153577586,19.418019685193507,-0.7400000000000013,19.586865869744884,1682820055017440080,1.2451910726721367,1.7097985358295813,0
-2.4376410294260773,19.56196919607829,-0.7400000000000013,19.82001445900909,1682820055117383956,1.1415069512456122,1.7171407695677872,0
-2.4316940677761467,19.7778873089404,-0.7400000000000013,19.659999999999933,1682820055217446088,1.5120009206215903,1.6957966377364435,0
-2.427562241198334,19.92152035193768,-0.7400000000000013,19.979231386506196,1682820055317483186,1.3358309865919025,1.688548750089647,0
-2.4224223463414916,20.136723788847934,-0.7400000000000013,20.13946313407027,1682820055417513608,1.4041367025380724,1.682424576461439,0
-2.4207592460032643,20.280365243265887,-0.7400000000000013,20.305089456334482,1682820055517504692,1.4010370816226794,1.680941084552733,0
-2.4224778238191678,20.496286484907856,-0.7400000000000013,20.61976303914383,1682820055618269443,1.346446924611545,1.68700269326675,0
-2.427041415030828,20.640212270263653,-0.7400000000000013,20.78205564705021,1682820055717618465,1.3629762593867787,1.6929938805463614,0
-2.438803264998336,20.855887972923014,-0.7400000000000013,20.93943282670791,1682820055817803621,1.4634621785127684,1.700856336015168,0
-2.4486327982747076,20.999551841307994,-0.7400000000000013,21.101007819003993,1682820055917752504,1.4633663958082226,1.7116422975465126,0
-2.4646524756144306,21.214956935541252,-0.7400000000000013,21.420081256149746,1682820056017565965,1.3764657294881244,1.736808034455183,0
-2.4752331468505604,21.358567624465472,-0.7400000000000013,21.585570077962984,1682820056117599964,1.35516156813661,1.7500183392818442,0
-2.4900841531673197,21.57404325713893,-0.8987593392600431,21.737518678519972,1682820056217564582,1.3686085903028924,1.5996996207890835,0
-2.498734211757047,21.71778297583945,-0.8600000000000014,21.900825503411884,1682820056318534612,1.3471178087468945,1.6489252207674823,0
-2.509408562769431,21.933517717452922,-0.8600000000000014,22.140058347991364,1682820056417784214,1.3050642024738888,1.6622898781501176,0
-2.5149357750777654,22.077411276890718,-0.8600000000000014,22.378055686662304,1682820056517533540,1.2002177379725711,1.6820224376503259,0
-2.5208045014292946,22.293330151675047,-0.8600000000000014,22.539974407475484,1682820056617497682,1.2315634188396496,1.679019053163827,0
-2.5230846719209175,22.437311695695083,-0.8600000000000014,22.781963735534262,1682820056717403650,1.121004232595525,1.6984215185117055,0
-2.526183961020497,22.653289455365265,-0.8600000000000014,22.61999999999987,1682820056817541122,1.4930311604152262,1.6665164805067105,0
-2.5276042128862937,22.7972822294071,-0.8600000000000014,22.85647559967576,1682820056917525529,1.3918800795565702,1.6686544477272318,0
-2.5285073531626137,23.013279987868415,-0.8600000000000014,23.104605560529176,1682820057017605543,1.3505575595615007,1.6710048317642658,0
-2.5120580776624557,23.141431362239352,-0.8600000000000014,23.343552505361522,1682820057117511987,0.9442951170045691,1.6643764142965907,0
-2.4565965394584377,23.30322481413408,-0.8600000000000014,23.179999999999858,1682820057218449831,0.9007182807785951,1.6013447051241239,0
-2.4049934274362617,23.396120816480256,-0.8600000000000014,23.179999999999858,1682820057317448139,0.8071696924908679,1.5600361848807855,0
-2.3116666104269474,23.519865938044784,-0.8600000000000014,23.179999999999858,1682820057417495489,0.7504453694709817,1.490920790542414,0
-2.240972674253725,23.594912282521594,-0.8600000000000014,23.179999999999858,1682820057517538309,0.7575817877693379,1.4419562161254684,0
-2.1242051979388887,23.699762708256358,-0.8600000000000014,23.179999999999858,1682820057617496728,0.8102265779866985,1.3668826048310927,0
-2.0397199159422477,23.765754494945732,-0.8600000000000014,23.179999999999858,1682820057717371225,0.8625739100121269,1.3171360629866895,0
-1.9028310140415028,23.860351327442846,-0.8600000000000014,23.179999999999858,1682820057817416191,0.9577643170353984,1.2451403345005985,0
-1.8040928819976232,23.921156812952955,-0.8600000000000014,23.179999999999858,1682820057917534351,1.0299994368439902,1.2002603014452187,0
-1.643729065357283,24.009237903830037,-0.8600000000000014,23.179999999999858,1682820058018733263,1.149716878020711,1.1409937550374534,0
-1.5283443371054624,24.065701019689584,-0.8600000000000014,23.179999999999858,1682820058117446184,1.2372439579158119,1.109572191982279,0
-1.3423709530528252,24.141667419225413,-0.5400112907071012,23.179999999999858,1682820058217371225,1.0313725364040336,1.2524317358481,0
-1.2111411932989273,24.18893492233991,-0.6200000000000015,23.179999999999858,1682820058317507743,1.2220743664626685,1.169357767294598,0
-1.0071321493583034,24.250791816471775,-0.30155528246536845,23.179999999999858,1682820058417428731,1.0410668850141143,1.2823547985318569,0
-0.8680616707548683,24.286862224696776,-0.38000000000000156,23.179999999999858,1682820058518530607,1.2317237581597422,1.2096892902398713,0
-0.6576108386303107,24.330821076098854,-0.057192452647094216,23.179999999999858,1682820058617422819,1.0552713470383128,1.2980336618980042,0
-0.5218089482025527,24.355935392104882,-0.1400000000000015,23.179999999999858,1682820058717610597,1.2573699474818785,1.2363664987910086,0
-0.3178922470793856,24.3828111282324,0.1829399714710598,23.179999999999858,1682820058819349765,1.0635057765851974,1.3029150092535602,0
-0.18115648207342863,24.397145008907938,0.09999999999999849,23.179999999999858,1682820058917609691,1.270718360297916,1.2491961175579098,0
0.024761861720625125,24.41379942433837,0.4228460664887149,23.179999999999858,1682820059017404317,1.1168428738420204,1.296430504725915,0
0.16322627059247163,24.424415319603256,0.3399999999999985,23.179999999999858,1682820059117484092,1.344413946455166,1.2569082858634806,0
0.37212498601090327,24.439521875558267,0.6615747581814994,23.179999999999858,1682820059217527627,1.2225085117235674,1.2923530963400764,0
0.5120737196295082,24.449279807918625,0.8220546687192474,23.179999999999858,1682820059317472696,1.19953479621863,1.3065831085655741,0
0.7242402918126939,24.46611025385547,0.7399999999999984,23.179999999999858,1682820059417462825,1.5104495186232416,1.2862068082056997,0
0.8666201925283319,24.477505462139,1.0572197658414288,23.179999999999858,1682820059517445325,1.3308637331999762,1.3114299911272593,0
1.0810702342008187,24.493645135716992,1.2219793726843733,23.179999999999858,1682820059618504047,1.3731920635441097,1.321180883869225,0
1.2246360576205337,24.50380481626851,1.4577158059247233,23.179999999999858,1682820059717505216,1.2765181526376328,1.3441671624636657,0
1.4401384191740647,24.51845666762837,1.6178233693543254,23.179999999999858,1682820059817512750,1.3311371563889562,1.3501993158936891,0
1.5838248090288574,24.52795390934095,1.7804007433389293,23.179999999999858,1682820059917574644,1.3067288447676098,1.3622121125793203,0
1.799364298200776,24.54204542147553,2.1005244797397493,23.179999999999858,1682820060019750118,1.199954432681984,1.3949427175004119,0
1.9430468593479753,24.551600863820582,1.939999999999999,23.179999999999858,1682820060118499040,1.5101370409350146,1.371604247946777,0
2.1586239132945884,24.565105152954153,2.259476397164974,23.179999999999858,1682820060217662572,1.397225803139344,1.3887719424885316,0
2.302382136929049,24.573446058031976,2.4250174007659626,23.179999999999858,1682820060317663192,1.3721105813661971,1.3988321288065984,0
2.5179621185497854,24.586908669330093,2.6600068285995286,23.179999999999858,1682820060419340848,1.3616839272981072,1.4140610678077836,0
2.661647010206222,24.596428679672684,2.9025984796263877,23.179999999999858,1682820060517493963,1.268971103881261,1.4367768842849062,0
2.8770602951264,24.612326853751647,3.0561488313652494,23.179999999999858,1682820060617430448,1.346132542668128,1.4434794490364844,0
3.020561654397849,24.624296013447545,3.3000488048604533,23.179999999999858,1682820060717455148,1.2598801844107184,1.4710894064381632,0
3.235677517150737,24.64381818408612,3.4573893793790864,23.179999999999858,1682820060818361759,1.3283895336921736,1.4805133656655587,0
3.3791085186791383,24.656605529272582,3.6199372347144276,23.179999999999858,1682820060917543411,1.305938391944379,1.4961157574018091,0
3.5941042718187988,24.673660107214815,3.9363115896372824,23.179999999999858,1682820061017560482,1.187397840164139,1.5323597372203166,0
3.7372716933283017,24.683682618454664,3.7800000000000007,23.179999999999858,1682820061117683649,1.476439514488831,1.5042895749270269,0
3.9501997480146893,24.6939553405204,4.10282137263822,23.179999999999858,1682820061218541622,1.322701241769833,1.5216287764738803,0
4.091038189947856,24.697725933785552,4.259860084921898,23.179999999999858,1682820061317791700,1.2864537575858972,1.5270863899296219,0
4.303184412428129,24.702013799139433,4.499836288286573,23.179999999999858,1682820061418168783,1.253486660329945,1.534665424465518,0
4.446502497496474,24.705654185552277,4.737266741657294,23.179999999999858,1682820061518509387,1.1718912697088162,1.5531144644153012,0
4.662234375444502,24.71623903485925,4.580000000000001,23.179999999999858,1682820061617461919,1.592554940614211,1.5384384500949213,0
4.805844404847026,24.726806416348985,4.897899494129551,23.179999999999858,1682820061717479228,1.4497548193017529,1.5495432324145217,0
5.020907436852345,24.746882226570705,5.063789015870306,23.179999999999858,1682820061817466974,1.5321227174353322,1.567468896585412,0
5.164122672713532,24.761895164078663,4.980000000000001,23.179999999999858,1682820061918373823,1.7687379933332739,1.5925744782405258,0
5.378991508586876,24.783967801669387,5.4658544677170235,23.179999999999858,1682820062018312454,1.4998442318955716,1.6063181137188953,0
5.522363506028544,24.797397407941645,5.6978196578282105,23.179999999999858,1682820062117510795,1.402695067474385,1.6268863624793097,0
5.73708018664289,24.81418421130386,5.86539461244609,23.179999999999858,1682820062217398643,1.4192782828494523,1.6392140276194842,0
5.87933955918015,24.82267370944868,6.097171897816632,23.179999999999858,1682820062317456245,1.3106929935986478,1.6570539651653444,0
6.091677404810091,24.83164259651112,6.262946895069749,23.179999999999858,1682820062417387723,1.3241705915226996,1.660498872298403,0
6.232730716954801,24.83528451318419,6.421185708967325,23.179999999999858,1682820062517544269,1.2868670898435,1.665977822061968,0
6.443839722605219,24.837459792794725,6.660044033721668,23.179999999999858,1682820062617367982,1.2297236997240368,1.6715015013086116,0
6.584380065995648,24.836867940429567,6.899970594089501,23.179999999999858,1682820062717319965,1.1132547299243634,1.6866560862980762,0
6.796556515032039,24.835783205317895,6.740000000000003,23.179999999999858,1682820062817378759,1.483893859928966,1.656748822967997,0
6.938624274398267,24.834697703077,6.98224860892008,23.179999999999858,1682820062917399644,1.3776964716837423,1.6552726576401986,0
7.152418305065711,24.83289094895018,7.223480789281368,23.179999999999858,1682820063017715692,1.3506578403652965,1.6544178328901067,0
7.295758842840315,24.832057056992543,7.460082210798759,23.179999999999858,1682820063118631124,1.264368333918752,1.6602092304334832,0
7.511716271353263,24.832339861602907,7.620335594698399,23.179999999999858,1682820063217989683,1.3348684775316604,1.6559061494077316,0
7.655708539414034,24.833807797555508,7.862106536547663,23.179999999999858,1682820063317394495,1.2513841699275108,1.6666374424201098,0
7.87165779470763,24.83830464155608,8.019993477133614,23.179999999999858,1682820063417405366,1.331839192250153,1.6649257517642306,0
8.015506090828069,24.843536985977906,8.262993892179576,23.179999999999858,1682820063517465353,1.2574923971995888,1.6818458655699493,0
8.230718438586845,24.85465310278324,8.504349579996575,23.179999999999858,1682820063617484569,1.2646673961335735,1.6968609301328137,0
8.373074936425366,24.86371022368652,8.655691474639681,23.179999999999858,1682820063720912456,1.2758121944392653,1.7072645445329315,0
8.585288284237203,24.8801021269399,8.822203020662446,23.179999999999858,1682820063818344593,1.3456843624618948,1.7165301728666165,0
8.725843062794397,24.89122307173459,9.05447388907432,23.179999999999858,1682820063917987585,1.2620531127281136,1.7424932198486964,0
8.936789898511673,24.908824045875757,8.900000000000004,23.179999999999858,1682820064018320083,1.6246496507014965,1.7292154516517642,0
9.076750690820493,24.919872100234397,9.21551108304609,23.337755541522895,1682820064117456912,1.40847123204787,1.5881899293849349,0
9.28618716454243,24.933194020801587,9.384256053847334,23.259999999999856,1682820064217423439,1.4348825103711387,1.676065553102312,0
9.426226580598453,24.940127473625427,9.540771563243041,23.259999999999856,1682820064318072795,1.4061002512325804,1.6840275771733948,0
9.638663140927232,24.950043062248195,9.857812235299656,23.259999999999856,1682820064417416810,1.306882109728481,1.704192441544674,0
9.782323570096827,24.95749975390732,10.019973454112042,23.259999999999856,1682820064517657756,1.3016675854757866,1.7140545154365276,0
9.997820227256964,24.97220092286511,10.176786795202402,23.259999999999856,1682820064617631196,1.3964097366032835,1.7215286906417784,0
10.14128303219599,24.984601180457368,10.344582348360836,23.259999999999856,1682820064717735528,1.4072342818242747,1.7365424969140657,0
10.356165932670265,25.00653545522931,10.581990124976622,23.42099506248816,1682820064818474292,1.366888625048165,1.6015414146517046,0
10.49943002863286,25.021073062526693,10.819805838929376,23.379999999999853,1682820064917633533,1.283098056835177,1.6720530662554849,0
10.714608816188331,25.039845018946608,11.057392147849342,23.379999999999853,1682820065017603158,1.233562535039282,1.6948704668460575,0
10.858251583183014,25.049967967710014,10.900000000000006,23.379999999999853,1682820065117885351,1.505539517920091,1.6704897316310356,0
11.074048714196499,25.05905523985191,10.980000000000006,23.379999999999853,1682820065217747449,1.5781014963057256,1.6816871466228984,0
11.217984435744421,25.06064092638552,11.38278582664751,23.379999999999853,1682820065318835020,1.2877850734350913,1.6887016971289115,0
11.432865428796385,25.059087583834724,11.542800635590657,23.379999999999853,1682820065417643070,1.3108126401394156,1.6826826390859702,0
11.574664198248232,25.056978070697003,11.858032424158583,23.379999999999853,1682820065517607450,1.1350763065478455,1.7007507169055416,0
11.785408971111927,25.056394359176096,11.700000000000006,23.379999999999853,1682820065617541790,1.529032008170497,1.6785686580608856,0
11.923446775986594,25.057796133857668,12.019326841602323,23.379999999999853,1682820065717784643,1.3652794745333605,1.6805335027218904,0
12.12643034734415,25.063712870163105,12.17981725607869,23.379999999999853,1682820065817676782,1.446092945717297,1.6845590494778164,0
12.258710381518876,25.06993683269679,12.337812235299658,23.379999999999853,1682820065917729854,1.4482739375245777,1.691787102970498,0
12.452865821736237,25.083361173648544,12.663523612151788,23.379999999999853,1682820066017639160,1.3711083177001708,1.7163379598891964,0
12.579589497425696,25.095373701417827,12.82656663398653,23.379999999999853,1682820066118560075,1.3764543976447317,1.733062215126794,0
12.765470453384658,25.11859035196405,12.980464026493399,23.540232013246545,1682820066217718839,1.4275882231685721,1.592933545970183,0
12.887286853043241,25.136800074539366,13.13741245294084,23.49999999999985,1682820066318856239,1.4340193314101868,1.6558011051260642,0
13.068787397506188,25.164842782185016,13.38262901732704,23.661314508663363,1682820066417650222,1.3366256345278331,1.535934188567589,0
13.189989908531393,25.182304433272275,13.622109473455371,23.61999999999985,1682820066517600059,1.2188780188216202,1.6209634359271547,0
13.374850885010483,25.208395418071618,13.460000000000008,23.61999999999985,1682820066617729902,1.5565082823143666,1.590676075112369,0
13.50011221483621,25.22258508282694,13.78202239041998,23.61999999999985,1682820066717596530,1.317408342627459,1.627191535990027,0
13.691117792911076,25.23711672765637,13.939998245258511,23.61999999999985,1682820066817715644,1.2879703799892979,1.6361564688095098,0
13.820854213667948,25.243978901737933,14.094940205828546,23.61999999999985,1682820066918152093,1.240814479174779,1.6469458413648865,0
14.019513858716158,25.25251927599078,14.345711127847407,23.61999999999985,1682820067017463445,1.178173859914631,1.6647894295888133,0
14.155569703219808,25.25977734279897,14.260000000000009,23.61999999999985,1682820067117519140,1.422063200310758,1.6430993338331519,0
14.364407789665794,25.2726103203332,14.57720687542826,23.61999999999985,1682820067217534303,1.3316398213596434,1.6662545789205339,0
14.506392436062354,25.282062130347498,14.73873422979127,23.61999999999985,1682820067317477941,1.3188198784651801,1.6782232373105008,0
14.721740451415464,25.295727667838356,15.060007782360945,23.61999999999985,1682820067417514801,1.210359329788786,1.70952859114566,0
14.86548256065728,25.304341270602574,14.90000000000001,23.61999999999985,1682820067518159627,1.503536039569374,1.684694918813013,0
15.081260333135212,25.31404504960811,15.21792178844571,23.61999999999985,1682820067617541790,1.3703060942010559,1.6995484645840042,0
15.225216007074705,25.31756438233559,15.45487673578658,23.61999999999985,1682820067717648267,1.2523201607430694,1.713029154009761,0
15.441135966761568,25.318954689708615,15.621029067786452,23.61999999999985,1682820067817557811,1.2704366763484032,1.7084520963374308,0
15.584816662484176,25.31926595644213,15.62000000000001,23.61999999999985,1682820067917622804,1.4153608735707393,1.6996301532870195,0
15.798768547211035,25.32117078712282,15.939144536798805,23.61999999999985,1682820068017607450,1.3265004002428444,1.706952683999571,0
15.940088472121804,25.324830284919443,15.94000000000001,23.61999999999985,1682820068118058919,1.492411026485806,1.704830287215224,0
16.14927766891595,25.335333854101375,16.500022090146608,23.61999999999985,1682820068217702865,1.2080974979587615,1.7508260564805478,0
16.287326932427828,25.345935172559727,16.340000000000018,23.61999999999985,1682820068317704200,1.533921512078235,1.726738738757767,0
16.489518493837334,25.369380465047016,16.658222446465526,23.61999999999985,1682820068417704343,1.481635208515557,1.7574962404287011,0
16.625108628120294,25.383552159037134,16.906567667554004,23.783283833776846,1682820068517600297,1.3114916011983502,1.6248316539599765,0
16.831610544795026,25.4009271828409,17.06663901470004,23.699999999999847,1682820068617586374,1.3404416486611077,1.7170881348939233,0
16.972075603877474,25.409216262650887,17.21742260745137,23.699999999999847,1682820068717678785,1.2971934517438646,1.7267354703814588,0
17.18737735045888,25.417324529424274,17.535528202275827,23.699999999999847,1682820068818443536,1.1573000106436429,1.7522592716215533,0
17.331344053274538,25.420403185943893,17.379999999999995,23.699999999999847,1682820068917659044,1.4316409323017103,1.7210910851428456,0
17.54733529334508,25.421738971787878,17.698961707369058,23.699999999999847,1682820069018570184,1.2965140638427257,1.7284026314500565,0
17.691322494220195,25.419889501573746,17.861081247674697,23.699999999999847,1682820069118005275,1.253327154215696,1.7282470691421818,0
17.90722981045089,25.4136497594361,18.101318415153735,23.699999999999847,1682820069217781305,1.1968607229238617,1.724606008481772,0
18.05110689411367,25.407705543189532,18.33387970764422,23.699999999999847,1682820069317538022,1.094886598850755,1.7309588921498869,0
18.266937797378468,25.399164693129975,18.17999999999998,23.699999999999847,1682820069417609930,1.4649110762042599,1.7013873265641273,0
18.410824015191135,25.393441380719906,18.492483757285164,23.699999999999847,1682820069517684459,1.2948261454761083,1.6954091020794733,0
18.62664139082408,25.384561156205958,18.663272969241312,23.699999999999847,1682820069617698907,1.3354943268727786,1.6849593946252264,0
18.770460471124277,25.379346871919587,18.57999999999997,23.699999999999847,1682820069717708110,1.5680312760437067,1.6901127498742534,0
18.985680807592225,25.372084840452253,19.14177827491438,23.699999999999847,1682820069817697763,1.2289582078546715,1.6793552730066204,0
19.129362042733817,25.367488283832905,19.301966667269994,23.699999999999847,1682820069918158531,1.2140679244011428,1.6763977848743998,0
19.345262230279527,25.36092399300371,19.45476422674226,23.699999999999847,1682820070017986774,1.2785528039069953,1.6645297227040494,0
19.489198067017078,25.356625827338867,19.62574489278013,23.699999999999847,1682820070118127346,1.2513483372814096,1.662243714812199,0
19.705104715804637,25.350276244776207,19.78152225812463,23.699999999999847,1682820070218574523,1.3105302695665786,1.6520445892430977,0
19.849054030960737,25.346473700535974,19.859999999999943,23.699999999999847,1682820070317745685,1.3835085666764186,1.646510085239485,0
20.064999210666436,25.341610433077665,20.259634777230602,23.699999999999847,1682820070418514251,1.2050948741681875,1.6531085317551593,0
20.208971293755486,25.33877601187186,20.50388801406655,23.699999999999847,1682820070517542839,1.1096720905882442,1.6651014050219823,0
20.424963458309318,25.33720199218277,20.339999999999932,23.699999999999847,1682820070617536544,1.5124802424769686,1.6394051215168337,0
20.56820300091043,25.337277679863778,20.57994676454458,23.699999999999847,1682820070717613458,1.4225544453728898,1.6373197967913637,0
20.781669936544045,25.33798263625614,20.659999999999926,23.699999999999847,1682820070817597389,1.5601464549120174,1.6424952633526118,0
20.923998965148645,25.338080086517458,21.057089118158167,23.699999999999847,1682820070918700695,1.2990204787650665,1.6434778242110974,0
21.138387774546615,25.335692543140883,21.219981081338712,23.699999999999847,1682820071017706155,1.3237262723857632,1.6377263395941526,0
21.282244302212494,25.331967051170906,21.37609435134026,23.699999999999847,1682820071117624521,1.2906125076035893,1.634663356116252,0
21.498022423602013,25.322279798791836,21.622683225356713,23.699999999999847,1682820071218596696,1.220522467396635,1.6270624023259537,0
21.641746481883505,25.31337888724508,21.863636253687936,23.699999999999847,1682820071317656517,1.1034861925849568,1.6285657814899859,0
21.857315827645394,25.299747056695548,21.699999999999903,23.699999999999847,1682820071417627096,1.48440663520625,1.6074635034844011,0
21.99874544262483,25.296500245253622,22.017304526888736,23.699999999999847,1682820071517683267,1.3675194787590168,1.5966081149437015,0
22.214457486546145,25.289803693437992,22.183689139038012,23.699999999999847,1682820071617696762,1.4036554330848907,1.5901014039607508,0
22.358377307755262,25.28499901189739,22.33942619850799,23.699999999999847,1682820071717595338,1.3908730366328297,1.5851123027274419,0
22.574284705921087,25.27867509446684,22.657835433019823,23.699999999999847,1682820071817569017,1.295151505973216,1.5808844922666243,0
22.71822378118562,25.274486716475778,22.819785862842668,23.699999999999847,1682820071917633056,1.2766578804180972,1.5777589412802173,0
22.93414776728578,25.268768719295455,22.73999999999988,23.699999999999847,1682820072017573356,1.5766669159577138,1.5807367428457157,0
23.078060035472696,25.26504509204683,23.139453661781786,23.699999999999847,1682820072119119882,1.3201242956390435,1.5662488044661773,0
23.29266349861784,25.259462824827658,23.46001732060027,23.699999999999847,1682820072217546224,1.213752608509095,1.5684169100567817,0
23.434580765821256,25.255820518146965,23.616762531462104,23.699999999999847,1682820072317490339,1.2006543861937398,1.566450663257412,0
23.647819246410815,25.252687610896267,23.459999999999866,23.699999999999847,1682820072417733430,1.5927743120659459,1.5640060378251774,0
23.78996221475602,25.251566386847568,23.777947806439325,23.699999999999847,1682820072517660379,1.4221407144156677,1.551612902370592,0
24.003622820692602,25.251542034481794,23.940009213024222,23.699999999999847,1682820072618436098,1.4870490598703898,1.552845573727461,0
24.146210793638684,25.25228835555872,24.101991102528366,23.699999999999847,1682820072717618703,1.4751609384386268,1.5529180660567894,0
24.360521210942874,25.254827343518098,24.41795803013972,23.699999999999847,1682820072818492412,1.3870048729326099,1.5558878675378487,0
24.50354865346154,25.25757376912234,24.580144287410132,23.699999999999847,1682820072919153213,1.3776131421467415,1.5594559748189245,0
24.718043673882093,25.263555960203306,24.74031835832735,23.699999999999847,1682820073017742872,1.4497583702219097,1.5637146166276301,0
24.860906439009714,25.268848499272153,24.90774699795014,23.699999999999847,1682820073117580890,1.437269997246027,1.5695475945732957,0
25.0749059473154,25.278724910770723,25.217972903339536,23.699999999999847,1682820073217582225,1.3607829092063306,1.5851941514510217,0
25.21738775864886,25.287050156977454,25.37898901083263,23.699999999999847,1682820073318470239,1.3596104918167804,1.5952564575860555,0
25.42901428951001,25.300625365090713,25.535188326569134,23.699999999999847,1682820073417650938,1.4262523029502472,1.6041429130590898,0
25.56811643808408,25.310111033983944,25.700070755763154,23.699999999999847,1682820073518538951,1.4077581922608522,1.6155090478581322,0
25.77295965751433,25.324630496125526,25.93923988776357,23.699999999999847,1682820073617612838,1.3820642656663187,1.6331176821996969,0
25.90660549142354,25.334279260684838,26.177537167170208,23.699999999999847,1682820073717611789,1.2838031653820214,1.6565846416129717,0
26.104313679203038,25.34988934336642,26.340565767640864,23.699999999999847,1682820073817541122,1.33559145301488,1.6667183009272504,0
26.235559613531013,25.359513282195614,26.58111025111614,23.699999999999847,1682820073917943954,1.2154811734832138,1.6951075414025085,0
26.433552517975738,25.370780687049702,26.733934417918974,23.699999999999847,1682820074018584489,1.226721394391911,1.6975680811184855,0
26.56794414257538,25.376825593896598,26.981192968254856,23.699999999999847,1682820074119358062,1.1045481777042847,1.7269970076038514,0
26.775220987276718,25.384058013864614,26.819999999999794,23.699999999999847,1682820074217636346,1.4463690352637661,1.6846532444519846,0
26.91661236517195,25.386147412801357,27.14230648898327,23.699999999999847,1682820074318424940,1.2354836182015785,1.7011851560662603,0
27.13085791226907,25.384028530860736,27.301994035254783,23.699999999999847,1682820074418440103,1.239157376892814,1.6927018831867782,0
27.274131587496502,25.379241986757588,27.458712643895414,23.699999999999847,1682820074518390178,1.19389631304512,1.6893560360301274,0
27.48969166865997,25.36897199284878,27.379999999999782,23.699999999999847,1682820074617670059,1.4581683587518668,1.6725728011323155,0
27.628494252136115,25.364964673314834,27.699980127895458,23.699999999999847,1682820074718034505,1.3071027936481765,1.6664986030057038,0
27.83529698791921,25.353427385520483,27.860068846749922,23.699999999999847,1682820074817602634,1.3066833029430773,1.6536129426741726,0
27.972046062987484,25.344242508206243,28.107533424869327,23.699999999999847,1682820074917458772,1.1869982473965957,1.6498152172357252,0
28.1770771915429,25.333167313704248,27.93999999999977,23.699999999999847,1682820075017550945,1.5925450728630106,1.650285147876702,0
28.313074526693146,25.328379198407905,28.180209280645293,23.699999999999847,1682820075117631912,1.5144773964221951,1.633790680416383,0
28.51493403673066,25.32610411845443,28.500922879923024,23.699999999999847,1682820075218404293,1.4417916965334467,1.626164480171071,0
28.648412361170514,25.32761617600431,28.660003967383286,23.699999999999847,1682820075317602157,1.443460851631196,1.6276574522073066,0
28.84896875602462,25.333283384208706,28.822096747623572,23.699999999999847,1682820075417640924,1.5121416289930232,1.6335044285119797,0
28.983940335311463,25.338573371489062,28.98613675135361,23.699999999999847,1682820075517794847,1.4955718940931935,1.6385748435750394,0
29.189668261693377,25.347856133927188,29.21658969817855,23.699999999999847,1682820075618863105,1.4818895424345269,1.6480760303652222,0
29.329672905168586,25.354413967327865,29.45787813464894,23.699999999999847,1682820075718388319,1.3854342143528338,1.659374025395162,0
29.54388109634608,25.363763487581537,29.61999919891732,23.699999999999847,1682820075818392276,1.4289685964659216,1.6655038001004483,0
29.68779456433396,25.368742703605893,29.86006311998351,23.699999999999847,1682820075917596101,1.321377599087789,1.6776109996372817,0
29.903747666289043,25.37307763505109,30.017287936014725,23.699999999999847,1682820076018552780,1.3477770576004229,1.6769258080660696,0
30.047746380234756,25.37317347734564,30.257943159740126,23.699999999999847,1682820076117616415,1.225656374591335,1.68632504915507,0
30.263446415736833,25.36828894787908,30.42032123079835,23.699999999999847,1682820076218545913,1.2280066461336674,1.6756484479796425,0
30.406688607161634,25.361293730768583,30.660030676045974,23.699999999999847,1682820076317450523,1.0960113328691783,1.6804996470568228,0
30.616696952512623,25.34222860869681,30.499999999999716,23.699999999999847,1682820076417890787,1.305495283876193,1.6463696370950742,0
30.73548100861288,25.307032551334178,30.745274449875957,23.699999999999847,1682820076518478393,0.8793675019796392,1.6070623922361893,0
30.887070675472888,25.22693599436967,30.659999999999712,23.699999999999847,1682820076617516994,0.7987078110377633,1.5437275091679883,0
30.975277929299907,25.15976877644739,30.659999999999712,23.699999999999847,1682820076718351125,0.7456838188551118,1.4934272842676255,0
31.09405432685867,25.042848451824533,30.659999999999712,23.699999999999847,1682820076817467927,0.7504432075529333,1.411256575975092,0
31.166763302402344,24.956196186244,30.659999999999712,23.699999999999847,1682820076918977260,0.7922810047771341,1.3545618859972317,0
31.2688433155615,24.815319879424766,30.659999999999712,23.699999999999847,1682820077017662286,0.8856695537246546,1.2706803753677356,0
31.33307757788812,24.7149045351932,30.659999999999712,23.699999999999847,1682820077118894100,0.9602007101032402,1.2178114145515957,0
31.424246885318457,24.555527378809813,30.659999999999712,23.699999999999847,1682820077218376874,1.0834735060917797,1.1471706052775474,0
31.481592445640597,24.443838441875034,30.659999999999712,23.699999999999847,1682820077317591905,1.1707329425863242,1.1082913761035393,0
31.562298543569423,24.268535749044013,30.659999999999712,23.699999999999847,1682820077420778512,1.3079839358667391,1.0664781102625742,0
31.609962398975043,24.146845605456864,30.659999999999712,23.459757246385315,1682820077517570495,1.1419089322305045,1.1723988112577555,0
31.676679165306474,23.958245871151416,30.659999999999712,23.53999999999985,1682820077618468523,1.3845175926170226,1.0993480494839594,0
31.716868546854958,23.82920550211282,30.659999999999712,23.21583134204203,1682820077718382358,1.154730987191693,1.2219652145517341,0
31.77388401583753,23.631033702606903,30.659999999999712,23.379999999999853,1682820077817648887,1.4983335980364718,1.1418211421162205,0
31.80933505152743,23.496010029860454,30.659999999999712,23.13741136879835,1682820077917618989,1.372104944040292,1.2039784301995426,0
31.858152056556655,23.28949124648591,30.659999999999712,22.90015895295302,1682820078018429517,1.3084363474285632,1.2598206163653656,0
31.88847666937446,23.14924599961087,30.659999999999712,22.899999999999864,1682820078118211746,1.4380177136745986,1.2535064800471354,0
31.931014163922722,22.937478941737442,30.659999999999712,22.493235721607405,1682820078217562675,1.2233961694817408,1.3464133999349575,0
31.95686665698947,22.79582002191877,30.659999999999712,22.260735547947927,1682820078317779302,1.1154927838476898,1.402917859426004,0
31.99235287860438,22.58275880257339,30.659999999999712,22.419999999999874,1682820078417686462,1.4642260597377257,1.3422572856726487,0
32.01187092263359,22.440091652779348,30.659999999999712,22.179944515067195,1682820078517553567,1.3301664364996826,1.376674080791383,0
32.032898386177024,22.22513633266564,30.659999999999712,21.857179614959914,1682820078618662595,1.1591061283810147,1.42135221703596,0
32.042054696571796,22.08143057984547,30.659999999999712,22.019999999999882,1682820078721391916,1.4324300014743274,1.3834192786198694,0
32.048351805188844,21.865532475143826,30.659999999999712,21.702219302659,1682820078817624568,1.275700464435031,1.3979241493296333,0
32.04935215493005,21.721536424699554,30.659999999999712,21.540193209703716,1682820078919387578,1.2391897700547674,1.4011369569155596,0
32.049234260923626,21.505536751132645,30.659999999999712,21.30003989178485,1682820079017595052,1.2106945317779079,1.4043506652281048,0
32.04949383672088,21.36153702099264,30.659999999999712,21.06183628564685,1682820079119758605,1.1182566361738515,1.4214477313826597,0
32.05335950898975,21.145575970745234,30.659999999999712,21.2199999999999,1682820079218404293,1.5245985188382498,1.3953457125112252,0
32.05784448764396,21.00164605699556,30.659999999999712,20.900438287375152,1682820079320662736,1.3591390571901174,1.4015035584217945,0
32.06633075190704,20.785865649482815,30.659999999999712,20.744880725335214,1682820079417651414,1.4332820597338165,1.406927840284501,0
32.073050874974335,20.642457440923078,30.659999999999712,20.57746256138239,1682820079520819425,1.4176032766617457,1.4145448418601143,0
32.08447146763005,20.428995323815293,30.659999999999712,20.41667636744172,1682820079618411779,1.4815431372582872,1.4245247343514502,0
32.09285331634185,20.288250570951462,30.659999999999712,20.097303956555393,1682820079719028711,1.3106199326763281,1.4455204030735744,0
32.10721568751701,20.078788018849064,30.659999999999712,19.941733242536458,1682820079818993330,1.3782657008811954,1.453690908655024,0
32.11694653851978,19.939834206339413,30.659999999999712,19.70273325834264,1682820079917564153,1.2809369010391822,1.4761131649187895,0
32.131379850440894,19.73114029521263,30.659999999999712,19.537906188822735,1682820080017654418,1.3235341713592867,1.4840141792303112,0
32.140731995471896,19.59123464834096,30.659999999999712,19.381338012967838,1682820080118571281,1.3048698776143477,1.4955346334859625,0
32.154159318434424,19.37938848730971,30.659999999999712,19.065122370630164,1682820080218411922,1.196965462641146,1.526851420721127,0
32.16366613723632,19.23635087320743,30.659999999999712,19.219999999999942,1682820080318637847,1.5017711342207731,1.5037550343479174,0
32.177210250025816,19.0212198711446,30.659999999999712,18.90495419359678,1682820080417898178,1.3937564808683522,1.5216585196948507,0
32.18585503920704,18.877925742410913,30.659999999999712,18.979999999999947,1682820080518671512,1.6091313360671555,1.529265429785409,0
32.19835947482808,18.664061232064416,30.659999999999712,18.502474388744584,1682820080617763280,1.3486644138411301,1.5468226083582697,0
32.205797043104866,18.522935047623786,30.659999999999712,18.256837189399427,1682820080717588663,1.2351533816209581,1.5685332539108718,0
32.21499013410799,18.31350359695771,30.659999999999712,18.097919890833747,1682820080817547321,1.2707823548851287,1.5698632588605383,0
32.22082021258779,18.17397804212417,30.659999999999712,17.8587624938057,1682820080917561531,1.1724629860287152,1.5923318052231457,0
32.2302027309789,17.962880682949383,30.659999999999712,18.019999999999968,1682820081018900394,1.5505327480675992,1.571241303159649,0
32.235961606663416,17.820800922541746,30.659999999999712,17.77611298651344,1682820081118750810,1.4400346626971807,1.5765950644678908,0
32.243257726068585,17.605566489592167,30.659999999999712,17.622037322286012,1682820081217962741,1.4900350256475747,1.5833433978409122,0
32.24737975938361,17.461625549276963,30.659999999999712,17.300306342879562,1682820081317697525,1.3090929485176936,1.5955558237975804,0
32.25289748669526,17.24569611394827,30.659999999999712,17.140272134620176,1682820081417922973,1.3600037525125344,1.5963823534912824,0
32.256229191008714,17.10173466312224,30.659999999999712,16.90206427440943,1682820081517720937,1.2650755640946152,1.6086689822203872,0
32.261116136979425,16.885789968158946,30.659999999999712,16.733413726037764,1682820081617640018,1.3114562939543095,1.6083505225105035,0
32.26465451471649,16.741833780264088,30.659999999999712,16.739999999999995,1682820081718737125,1.4675992048266226,1.6046555625276704,0
32.270464138937136,16.525911936457064,30.659999999999712,16.265722316158516,1682820081817628145,1.2152639972372679,1.6313471063248801,0
32.27436988609964,16.381964916592015,30.659999999999712,16.10231106202749,1682820081917680740,1.1967985196017004,1.6384127707995613,0
32.28031054816656,16.16604662545408,30.659999999999712,15.939337170217872,1682820082017600536,1.2502666051192486,1.636093961114169,0
32.284347441164705,16.02210322672019,30.659999999999712,15.780002708389222,1682820082118834972,1.237237352942335,1.6422902516289204,0
32.290893361850124,15.806203066423116,30.659999999999712,15.70000000000001,1682820082217671632,1.3805921471113727,1.6343476524428355,0
32.295562427027605,15.662372714749468,30.659999999999712,15.305560771633893,1682820082318513154,1.1339040544998307,1.6740308287051593,0
32.30326087857881,15.446509991041497,30.659999999999712,15.46000000000001,1682820082417627573,1.504338889377537,1.6433162493598892,0
32.3075244643189,15.302778289432764,30.659999999999712,15.13904238310529,1682820082518461942,1.3168351018705557,1.6556407543761158,0
32.31098029881669,15.087525451180975,30.659999999999712,14.98109287143484,1682820082617612123,1.3457435165258125,1.654407398772505,0
32.3111346015534,14.944287610823975,30.659999999999712,14.82256262001256,1682820082717637300,1.3103631158712674,1.655615428122089,0
32.30847727808157,14.729765212659164,30.659999999999712,14.495770074211853,1682820082817700386,1.1752836073077986,1.6650018201699182,0
32.306374102758,14.586153740029753,30.659999999999712,14.660000000000009,1682820082917942762,1.4835126113165524,1.6480294161041995,0
32.3029586637335,14.370419526025756,30.659999999999712,14.337734718007626,1682820083018527507,1.3769382426473569,1.6432837452531108,0
32.30090570616555,14.226454065462795,30.659999999999712,14.17998649483185,1682820083117665529,1.3637576809098952,1.6415635143508616,0
32.29911571704654,14.010461644107812,30.659999999999712,13.93863891750874,1682820083217601537,1.3503023940245211,1.640688525566648,0
32.298439101685894,13.866464073066226,30.659999999999712,13.700608827109555,1682820083318257093,1.2619107593351961,1.646812269976626,0
32.29901411517959,13.650579104849443,30.659999999999712,13.542712524792657,1682820083417607307,1.3315756739301239,1.6425597306801414,0
32.29981752357074,13.50690587015817,30.659999999999712,13.298006942332304,1682820083517601251,1.2364380898418985,1.6530699539515583,0
32.301916444517595,13.292120533172172,30.659999999999712,13.13242997134707,1682820083617628574,1.293807851194418,1.6496638100880616,0
32.30379057407658,13.149452966923077,30.659999999999712,12.97446259496794,1682820083717602491,1.2831658672785125,1.6530786677290807,0
32.30754073546314,12.9361652573149,30.659999999999712,12.660750665329884,1682820083818569660,1.1952315366899857,1.6704022487082724,0
32.310808359369155,12.794120317788222,30.659999999999712,12.500017965206723,1682820083919844865,1.185478738994719,1.67680184671833,0
32.31907277271297,12.579727418936404,30.659999999999712,12.660000000000007,1682820084018527746,1.587047715342768,1.6610135918857116,0
32.3260375942457,12.436266880189637,30.659999999999712,12.416914509289306,1682820084118528842,1.4990637261044784,1.6661499871561425,0
32.338175639702705,12.220732508772645,30.659999999999712,12.1727088021937,1682820084218729019,1.4888984934799745,1.6788626370510866,0
32.34735924260172,12.077026043027093,30.659999999999712,12.180000000000007,1682820084317720174,1.6495511477868166,1.6904984026638645,0
32.36244712622885,11.862684826573709,30.85983400526972,11.700331989459979,1682820084417557716,1.3633272308874698,1.5113585395257514,0
32.372245514167055,11.721379200065332,30.77999999999971,11.54053023465812,1682820084517563581,1.355387299707198,1.6024831124460852,0
32.38577337563786,11.512432657332472,30.77999999999971,11.377453703434584,1682820084617550849,1.3974367897401734,1.61143645605519,0
32.394240263367536,11.375337982234756,30.77999999999971,11.2212723404507,1682820084717555999,1.376544857810863,1.6215757305337795,0
32.40510302686277,11.173274711416722,30.77999999999971,11.059904422920948,1682820084817627429,1.3982159470230087,1.6290526910548628,0
32.411988857071236,11.03972576490375,30.77999999999971,10.740795528155132,1682820084919646978,1.2188531628205974,1.6591404148076834,0
32.420749480551294,10.840456393684363,30.77999999999971,10.577164799728244,1682820085018465995,1.24171556814228,1.661740449462023,0
32.42586207034565,10.70759872849575,30.77999999999971,10.337961961101525,1682820085118620634,1.1332716443417483,1.6868590025289847,0
32.435840138228286,10.505946846274275,30.77999999999971,10.500000000000005,1682820085217916488,1.517049379306778,1.6558508170573343,0
32.442726447776536,10.37050604418779,30.77999999999971,10.259977909853417,1682820085317821025,1.409105724079454,1.6663960239438826,0
32.45198645666551,10.167386322313453,30.77999999999971,9.940306342879584,1682820085417651891,1.2879044413213125,1.6873363708323068,0
32.45743668523232,10.03239177897848,30.77999999999971,9.77907326115368,1682820085518557071,1.256792392020655,1.6964563373211552,0
32.464580904363075,9.831100676941025,30.77999999999971,9.617899336948518,1682820085618408679,1.2875934582329602,1.698018738035683,0
32.46865967324059,9.697966597229017,30.77999999999971,9.459958828825073,1682820085717579364,1.25814339246783,1.705350166344324,0
32.47362973188373,9.499536257350412,30.77999999999971,9.139987448661477,1682820085817451477,1.1297440210278518,1.7313743138187019,0
32.47757641524413,9.366526391630241,30.77999999999971,9.300000000000004,1682820085918535709,1.4298345763617715,1.6988794678779997,0
32.48208807395298,9.165747585384288,30.77999999999971,8.985786130627865,1682820086017558574,1.297387359746394,1.711575279294487,0
32.48441359636286,9.030225821677515,30.77999999999971,9.060000000000004,1682820086117484331,1.4969725869163686,1.7046736371406574,0
32.48523484002454,8.824460207127716,30.77999999999971,8.50196571509311,1682820086218351364,1.1280397197482743,1.73546205865388,0
32.48569008472159,8.68483915276104,30.77999999999971,8.660000000000004,1682820086317633867,1.427524335931528,1.7058709355131236,0
32.48698624993083,8.473030788567128,30.77999999999971,8.580000000000004,1682820086418439149,1.561852576669626,1.710334607510612,0
32.488815747281954,8.33086743142302,30.77999999999971,8.182177558543572,1682820086517647504,1.3270379773011163,1.715272554568714,0
32.49379745105326,8.116989964364684,30.77999999999971,7.9359116240402985,1682820086618438243,1.3163119640882877,1.7233371894589533,0
32.498842838662334,7.974401848654132,30.77999999999971,7.695948727914981,1682820086718577623,1.241787871557234,1.7412515167175477,0
32.5097467774163,7.76005571795319,30.77999999999971,7.542765960163659,1682820086817585945,1.3294879172383804,1.7433412611486312,0
32.5178029359457,7.616896174246888,30.77999999999971,7.540000000000003,1682820086920111894,1.474752978057466,1.7395033963164086,0
32.52984934793222,7.4013810423038064,30.77999999999971,7.380000000000003,1682820087018493890,1.5238562767026405,1.7499799682938744,0
32.53646266840841,7.257533426592609,30.77999999999971,6.9746634539933625,1682820087118334770,1.2584172840005108,1.7790942996119445,0
32.54469023755305,7.041691199723775,30.77999999999971,7.060000000000002,1682820087217827081,1.532988546935782,1.7647852126203953,0
32.54272852352333,6.903050469347093,30.77999999999971,6.736887753006303,1682820087320974826,1.1912631872780788,1.7705428252221158,0
