-0.47128163089793795,3.5800729802714844,2.5,2.5,1682798687232202529,3.1614984062662495,1.7453438506467012,0
-0.47128163089793795,3.5800729802714844,2.5,2.5,1682798687233655214,3.1614984062662495,1.7453438506467012,0
-0.5192326692509741,3.5881163151458466,2.5,2.5,1682798687301514387,3.2093243878360034,1.79441042535386,0
-0.6654142149071327,3.620344417266633,2.5,2.5,1682798687399355649,3.357829472328315,1.9514893081751667,0
-0.9740919576882506,3.452442751933789,2.34,2.5,1682798687499195814,3.4482390722983736,1.9183410800698608,0
-1.1804063437323304,3.443258343651178,2.0999999999999996,2.58,1682798687598748922,3.3920909109106567,1.9071672251539036,0
-1.2737220601196935,3.4888051299980436,1.9399999999999995,2.66,1682798687698976278,3.3188744211269934,1.9095164320636355,0
-1.5675705590098707,3.4007886566658456,1.7799999999999994,2.7,1682798687798970460,3.4201364576374984,1.9727838357014251,0
-1.7752864041636398,3.313671780243193,1.5399999999999991,2.7,1682798687899234533,3.371604513506755,1.8860681348530297,0
-2.0375413729830174,3.225509813298142,1.299999999999999,2.7,1682798687999247074,3.378659938532732,1.8717133616530626,0
-2.19204185877003,3.188228511523172,1.1399999999999988,2.7,1682798688100832700,3.36762082605209,1.8632529696973383,0
-2.184829779267057,3.4054096771648297,0.9799999999999988,2.7,1682798688199798107,3.2424913792288406,1.8932176042025255,0
-2.158457378021378,3.5357791721594127,0.7399999999999989,2.7,1682798688299852371,3.0165513416519247,1.7691544814776226,0
-1.8182701974161133,3.8662417592760625,0.49999999999999895,2.7800000000000002,1682798688399793863,2.5601362986807747,1.6957141359708852,0
-1.4682725965903334,4.04323425937543,0.3399999999999989,2.8600000000000003,1682798688498523235,2.1609935437523324,1.636854857065197,0
-1.005108352998553,4.1643798234356355,0.09999999999999888,3.0600000000000005,1682798688597923517,1.5623441574374375,1.567091654052119,0
-0.7746712877098207,4.195452291171959,-0.06000000000000112,3.2200000000000006,1682798688697732210,1.2092403490743413,1.5293693632189016,0
-0.6646130794202308,4.276726472936008,-0.14000000000000112,3.3000000000000007,1682798688797693252,1.1086990060574549,1.4868675444530999,0
-0.6423609031807319,4.349448867737933,-0.14000000000000112,3.3000000000000007,1682798688897996902,1.1634901817553027,1.4658377637138376,0
-0.6113004667938146,4.4667750517690905,-0.14000000000000112,3.3000000000000007,1682798688999044656,1.258367256181926,1.4407023836551947,0
-0.5935789907626373,4.551040548828907,-0.14000000000000112,3.3000000000000007,1682798689098202466,1.3307277541538627,1.4299213061206386,0
-0.5265848682440653,4.662833945449819,-0.22000000000000114,3.460000000000001,1682798689198108673,1.2412911752536575,1.3995703249600673,0
-0.4665855420768472,4.783173624104632,-0.22000000000000114,3.620000000000001,1682798689298517465,1.1890236790636395,1.4305933717913315,0
-0.48563196065531145,4.904047468144698,-0.22000000000000114,3.700000000000001,1682798689398901462,1.2330006666937534,1.4397358275745284,0
-0.4624112133098328,5.000651431799643,-0.3000000000000011,3.860000000000001,1682798689497778892,1.1521558449599358,1.3978254752023198,0
-0.475235764490177,5.184475822961435,-0.3400000000000011,3.9400000000000013,1682798689598067760,1.2518022151812882,1.3533068528396883,0
-0.4626491420711052,5.2959983964943635,-0.42000000000000104,4.100000000000001,1682798689697713136,1.1967585862388816,1.30366044547898,0
-0.478963971556188,5.49548159309481,-0.460000000000001,4.1800000000000015,1682798689799034357,1.3156182782207155,1.2583053053421156,0
-0.47443404923460886,5.620595114733184,-0.540000000000001,4.340000000000002,1682798689897989988,1.282272491235097,1.2021523176247317,0
-0.4728156727505275,5.814936316571473,-0.5800000000000011,4.500000000000002,1682798689999427556,1.3192975390890682,1.1741938729918262,0
-0.47355539375033695,5.94716531541727,-0.5800000000000011,4.740000000000002,1682798690097957372,1.2118492286361857,1.2115470997703592,0
-0.4777561651240849,6.14952192038233,-0.5800000000000011,4.980000000000002,1682798690197680473,1.1739826762030614,1.2374130480457803,0
-0.5035238030102809,6.303107516262631,-0.5800000000000011,4.980000000000002,1682798690297947645,1.3253158522769855,1.2164703938923715,0
-0.5169733645854253,6.512259697188378,-0.5800000000000011,5.060000000000002,1682798690397882938,1.4536267006523222,1.21979830845114,0
-0.5215829639373464,6.648675723753235,-0.5800000000000011,5.3000000000000025,1682798690498036384,1.3499402793989261,1.2427225957153532,0
-0.5276524613720017,6.853612723216875,-0.5800000000000011,5.540000000000003,1682798690598783731,1.3146553355909132,1.2637963115380426,0
-0.5350062842117604,7.060628587796235,-0.5800000000000011,5.700000000000003,1682798690698753118,1.3613723180632116,1.2719122003680408,0
-0.5415856429347892,7.2005100110902704,-0.5800000000000011,5.860000000000003,1682798690797942638,1.3410603091069255,1.2841237732258968,0
-0.5470164126461174,7.3397766794761194,-0.5800000000000011,6.100000000000003,1682798690897990465,1.240215357108416,1.3100393236777887,0
-0.5568217961954274,7.550304242816278,-0.5800000000000011,6.340000000000003,1682798690997882604,1.2105261621752261,1.3292596004748742,0
-0.5648257951417945,7.691567110124308,-0.5800000000000011,6.5000000000000036,1682798691097826004,1.191663725395325,1.342175839676074,0
-0.5977141328382383,7.919901522047657,-0.5800000000000011,6.580000000000004,1682798691199103116,1.3400186115453132,1.332591378567057,0
-0.6056038734785081,8.058511857748785,-0.5800000000000011,6.740000000000004,1682798691297985076,1.3187604321336175,1.3456734644431396,0
-0.617531581104277,8.264697004149639,-0.5800000000000011,6.980000000000004,1682798691398948907,1.2852451174975277,1.3655294642124765,0
-0.6243940531178276,8.400303600181875,-0.5800000000000011,7.140000000000004,1682798691498176574,1.2610852455657442,1.3789312828287752,0
-0.6324707949254964,8.601582216069804,-0.5800000000000011,7.380000000000004,1682798691597916603,1.222708589541317,1.3990556429600591,0
-0.6364487640594869,8.734977331714028,-0.5800000000000011,7.5400000000000045,1682798691697827816,1.1963098621486867,1.4123341351791066,0
-0.6655099094980181,8.955893595267225,-0.5800000000000011,7.6200000000000045,1682798691797920465,1.3386275219411636,1.4042551220928072,0
-0.6668092141059929,9.088391443578585,-0.5800000000000011,7.780000000000005,1682798691898025512,1.3112680920709316,1.4164750894224822,0
-0.6701803725680737,9.289815668816265,-0.5800000000000011,8.020000000000005,1682798691997905254,1.273013877523652,1.434002360927416,0
-0.6743488850082984,9.42577990340442,-0.5800000000000011,8.180000000000005,1682798692097969293,1.24934754165069,1.4454781345784349,0
-0.6824933302558207,9.6300612171596,-0.5800000000000011,8.340000000000005,1682798692198927402,1.2941262792966628,1.4496515516653652,0
-0.6877933617147711,9.76461527651985,-0.5800000000000011,8.580000000000005,1682798692297699689,1.189509462843385,1.4748692665417837,0
-0.7245887982089403,9.987984027711688,-0.5800000000000011,8.660000000000005,1682798692397925138,1.3358321370684447,1.46712165457673,0
-0.7317344960633683,10.119158887903108,-0.5800000000000011,8.820000000000006,1682798692497993707,1.3079897451101175,1.479868628552165,0
-0.7464686955207585,10.317478854697761,-0.5800000000000011,8.980000000000006,1682798692597897529,1.347798765896453,1.4886697795090877,0
-0.7583818630178836,10.450642909334485,-0.5800000000000011,9.220000000000006,1682798692698086500,1.243503944243428,1.5143119029755654,0
-0.7797050893467794,10.652576666298973,-0.5800000000000011,9.460000000000006,1682798692797926902,1.2091820490363567,1.5373298088799627,0
-0.796683369262029,10.789217408256068,-0.5800000000000011,9.620000000000006,1682798692897727012,1.1891261624755238,1.5538341695959899,0
-0.850858193325926,11.01778821931735,-0.5800000000000011,9.700000000000006,1682798692997935771,1.3453363712705304,1.549504358089494,0
-0.8657020056297597,11.153702431534077,-0.5800000000000011,9.860000000000007,1682798693098000049,1.3248741892640346,1.5673087497177307,0
-0.8882006589815186,11.36205967051916,-0.5800000000000011,10.020000000000007,1682798693197924852,1.3769937564966015,1.5816236013561031,0
-0.9042901225510473,11.505329335329197,-0.5800000000000011,10.260000000000007,1682798693297967195,1.2868602243505762,1.612336392687513,0
-0.9277988139945792,11.720690408524984,-0.5800000000000011,10.500000000000007,1682798693397929906,1.2692710854978577,1.6396823164194891,0
-0.9379923464445961,11.86012887796236,-0.5800000000000011,10.660000000000007,1682798693497992753,1.252384862505166,1.6577150756805543,0
-0.9418829788974492,12.061345717102506,-0.5800000000000011,10.820000000000007,1682798693597925662,1.2930191335724341,1.6672580925855296,0
-0.9383364552043088,12.191677119418381,-0.5800000000000011,11.060000000000008,1682798693697892665,1.1870543870200123,1.698871068227214,0
-0.9409056588790661,12.395558693703876,-0.5800000000000011,11.140000000000008,1682798693799959897,1.3063998346395702,1.6885818984639656,0
-0.923931190213775,12.516309353664667,-0.5800000000000011,11.300000000000008,1682798693897949695,1.2640004380592613,1.6997077833592864,0
-0.8990743383753701,12.699002823376802,-0.5800000000000011,11.460000000000008,1682798693997961044,1.2794281651368105,1.7004120610615252,0
-0.8842482992363496,12.82269246347891,-0.5800000000000011,11.700000000000008,1682798694098129987,1.1631876010087696,1.7193721542187612,0
-0.8839816887330425,13.028959761996443,-0.5800000000000011,11.780000000000008,1682798694197917461,1.2854203025357827,1.7034159555557584,0
-0.8703006270320077,13.152915660419769,-0.5800000000000011,11.940000000000008,1682798694297959327,1.2471723430812118,1.7072825665777553,0
-0.8509759964249644,13.3391598533919,-0.5800000000000011,12.342589615990317,1682798694397710561,1.0327537115465377,1.7424371657120508,0
-0.8638542013886981,13.488145983173785,-0.5800000000000011,12.180000000000009,1682798694497996807,1.3385884808034552,1.697445686320689,0
-0.8639137787877582,13.691798165183563,-0.5800000000000011,12.499992523542744,1682798694600312232,1.2251562027890273,1.7097392297743257,0
-0.8619969858118093,13.82611844524872,-0.5800000000000011,12.659996337974452,1682798694697952747,1.1997345827643409,1.713177163473173,0
-0.8643022174135488,14.033892878152047,-0.5800000000000011,12.900756158411344,1682798694797696113,1.1682579237698243,1.718919579981243,0
-0.8863822217545021,14.19293090562378,-0.5800000000000011,12.740000000000009,1682798694897944688,1.484883255452742,1.6971465452658174,0
-0.9035887849203608,14.41632328975077,-0.5800000000000011,12.982957776199418,1682798694997919321,1.4694374424127632,1.7021213527829193,0
-0.9128288121698793,14.563590884988404,-0.5800000000000011,13.220798528803943,1682798695097965478,1.3834255780625961,1.7096124699461146,0
-0.9310611321001689,14.788865696388225,-0.5800000000000011,13.461335867246062,1682798695197913169,1.3731639981202801,1.7186672130489784,0
-0.9443692641623507,14.939727046009963,-0.5800000000000011,13.622887569023906,1682798695298000097,1.366320302423676,1.7259098534278117,0
-0.9675570976174563,15.167351329338814,-0.5800000000000011,13.782731550231587,1682798695400289297,1.4378360256331781,1.7319716329306127,0
-0.9885126895305989,15.39128584705295,-0.5800000000000011,14.020896837032563,1682798695498705625,1.4299820475419194,1.7451404952976943,0
-1.0021474987823946,15.53963402714282,-0.5800000000000011,14.255987318116324,1682798695598138570,1.3512799059864642,1.7622577587335209,0
-1.0161248433319043,15.687797601313594,-0.7394427478114709,14.41888549562295,1682798695698534488,1.2987266509738846,1.6156060131489418,0
-1.0329812461152001,15.905900820221987,-0.7000000000000012,14.65739399355029,1682798695797910690,1.2921477494892997,1.6718089510742893,0
-1.0421865983135659,16.04949269103018,-0.7000000000000012,14.81676070054136,1682798695897949457,1.2793435146355099,1.6834712260856481,0
-1.0542151206519093,16.26342199462876,-0.7000000000000012,14.977546413123232,1682798695997910499,1.3337707309768903,1.6893126774859846,0
-1.0621625585066337,16.40615559759562,-0.7000000000000012,15.213751027258002,1682798696098024845,1.2461903458726162,1.7124967443915728,0
-1.070460412684332,16.61742824785621,-0.7000000000000012,15.462810509716405,1682798696199095964,1.212593517463014,1.7317047627847935,0
-1.0883391761670087,16.768741417928283,-0.7000000000000012,15.300000000000011,1682798696298007488,1.5192131741411468,1.7073010879511685,0
-1.0995300665458854,16.98123889106911,-0.7000000000000012,15.537557509699319,1682798696397908449,1.4979453277699926,1.722012273167869,0
-1.1037934393773141,17.120053218686518,-0.7000000000000012,15.694321143343348,1682798696498053789,1.4818100729670123,1.7313306097694507,0
-1.1107961402988937,17.329410201884386,-0.7000000000000012,16.017259371045615,1682798696597916603,1.3749520979857242,1.751585198000651,0
-1.1151530733490433,17.469396720691826,-0.7000000000000012,16.1776083890135,1682798696698196649,1.3568600400083377,1.7612613598411544,0
-1.1227341663164034,17.681455821370747,-0.7000000000000012,16.427888632738963,1682798696798090219,1.3229266312934438,1.7768200075097287,0
-1.130947767355151,17.825857774802056,-0.8603035383934248,16.580607076786844,1682798696897979974,1.27432240801834,1.6267941442972802,0
-1.138460396543591,18.038368301982892,-0.8200000000000013,16.738692002009987,1682798696999356985,1.3381238765069403,1.6703035815517853,0
-1.142845678526136,18.17977605730708,-0.8200000000000013,16.98455510764552,1682798697098119020,1.2380559158022242,1.6915207192650064,0
-1.1468630220677734,18.38997249305046,-0.8200000000000013,17.220932527577922,1682798697197924613,1.2138755603715365,1.7048390483214604,0
-1.1487068736735353,18.529201129436807,-0.8200000000000013,17.37985913292042,1682798697298064231,1.1954226172180715,1.7136899685410942,0
-1.1498528643590749,18.735941194360613,-0.8200000000000013,17.539866749249583,1682798697397941827,1.240724381308574,1.7125226137832164,0
-1.1499066638592006,18.87273642477323,-0.8200000000000013,17.77836526335659,1682798697497733592,1.1430164678599821,1.7351857132564037,0
-1.1655405227596616,19.092032724064055,-0.8200000000000013,17.699999999999974,1682798697598620653,1.4342779917903932,1.705302081135683,0
-1.1647648135375834,19.227825884566116,-0.8200000000000013,18.02093059795443,1682798697698636770,1.2551729002408827,1.7277461144328727,0
-1.1628524260411919,19.431617098800604,-0.8200000000000013,18.260208324480427,1682798697799229145,1.2205516386440314,1.7385535367692155,0
-1.1614577880974462,19.568142236837343,-0.8200000000000013,18.418331636192008,1682798697898018360,1.1994406356334544,1.7450396708599654,0
-1.1589331212001956,19.774319570128036,-0.8200000000000013,18.581574758181457,1682798697997933387,1.2399660669034396,1.74181048595151,0
-1.1568560081749282,19.91308946618665,-0.8200000000000013,18.82097306036287,1682798698097726345,1.142886789718474,1.760744964499705,0
-1.16733510264509,20.13520258724063,-0.8200000000000013,18.739999999999952,1682798698197896718,1.4377871653942935,1.731120789627796,0
-1.1650862749696973,20.274375660058418,-0.8200000000000013,19.058131104238406,1682798698297936201,1.2642528848036214,1.7475301930413847,0
-1.1611448282682373,20.483409480096057,-0.8200000000000013,19.220270498958083,1682798698397918462,1.3083959184912048,1.7446678186200164,0
-1.1616211345862433,20.62603783855875,-0.8200000000000013,19.469863605644434,1682798698497973918,1.2055885933646688,1.759938216257233,0
-1.164819675280223,20.842467283774518,-0.8200000000000013,19.704362662029457,1682798698597911834,1.1891941550889937,1.7656326887786278,0
-1.1811544904696767,20.999458135412024,-0.8200000000000013,19.539999999999935,1682798698698014497,1.5034795026893253,1.7439120011411204,0
-1.1962555114182922,21.223887858698845,-0.8200000000000013,19.85770283404608,1682798698797991991,1.4170496573720046,1.7519132029675648,0
-1.203868454157194,21.369902666295154,-0.8200000000000013,20.0201758216578,1682798698898747682,1.403252488054711,1.757283805340929,0
-1.2157272651357984,21.587253411791448,-0.8200000000000013,20.17922666397757,1682798698997934818,1.4625797041293795,1.7618213796715962,0
-1.2230474834398644,21.73074218214894,-0.8200000000000013,20.419040819034898,1682798699098030328,1.3722272916330025,1.7725154334599786,0
-1.2329185072190418,21.944466899461307,-0.8200000000000013,20.662882627136554,1682798699198093652,1.3464620086263737,1.7832872765819014,0
-1.2394644415242653,22.086942692870565,-0.8200000000000013,20.822622120714527,1682798699298192977,1.3320874321455907,1.7905910775063276,0
-1.2504186607144614,22.301742535732807,-0.980254081236062,21.060508162472026,1682798699397907972,1.2702958983515706,1.6430671710610663,0
-1.2502004390834869,22.438354302449103,-0.9000000000000014,21.2197963258842,1682798699498018503,1.267881654486812,1.7302073122758912,0
-1.238385520931361,22.633892551239928,-0.9000000000000014,21.37675429265491,1682798699599862337,1.301883774372414,1.7291954624619286,0
-1.2240138044911202,22.758939697069653,-0.9000000000000014,21.62417669047841,1682798699697956800,1.1801152598915097,1.7462514221545875,0
-1.1929655837164896,22.938533512037235,-0.9000000000000014,21.859947717590025,1682798699797710180,1.1176654907554688,1.7504081194482255,0
-1.1829102481166966,23.06983279353674,-0.9000000000000014,21.69999999999989,1682798699897990226,1.3987423246396826,1.7187622703485876,0
-1.1576590864169625,23.25743737094351,-0.9000000000000014,21.940244666777982,1682798699997907400,1.342156780976097,1.7144165814753998,0
-1.1447663770563172,23.387037168929556,-0.9000000000000014,22.184144565110923,1682798700097951412,1.2275427469782243,1.7162477667088702,0
-1.1354397559788967,23.592205805085886,-0.9000000000000014,22.417663931210154,1682798700197975635,1.1979067126378908,1.7112314324215594,0
-1.1360574223504314,23.735752093426388,-0.9000000000000014,22.581671096977672,1682798700297993183,1.1779754042469608,1.7095976301879023,0
-1.1613552591597405,23.974607399346098,-0.9000000000000014,22.499999999999872,1682798700397907018,1.4975892473228747,1.6937752347951283,0
-1.167413393342682,24.121939060712847,-0.9000000000000014,22.82211436853789,1682798700497979402,1.3270471556530208,1.694196002270933,0
-1.1754800818025204,24.3442704358132,-0.9000000000000014,22.97988865023901,1682798700597918510,1.3919148437589648,1.6911464113576733,0
-1.1780484765017147,24.49073417483244,-0.9000000000000014,23.220011597520124,1682798700697988033,1.3007870016940435,1.6967619969503525,0
-1.180935547118235,24.70901133154593,-0.9000000000000014,23.46248234418207,1682798700797918558,1.2777947010271213,1.6998289766555583,0
-1.18159970487082,24.853231140276755,-0.9000000000000014,23.620038308730443,1682798700897953271,1.2649359484023457,1.7016914383606532,0
-1.181268952843319,25.068355652462856,-0.9000000000000014,23.778572946916825,1682798700999437093,1.3200953190429912,1.696945169699562,0
-1.181376505282023,25.21214478324747,-0.9000000000000014,23.93921910851433,1682798701098006486,1.3036535241848375,1.6985976365211706,0
-1.179970284956731,25.426480078691096,-0.9000000000000014,24.258485878081014,1682798701197924375,1.201080269223309,1.7107365013939735,0
-1.178916834476485,25.641319318723006,-0.9000000000000014,24.42193051661301,1682798701298662424,1.2508811499361698,1.704028926046569,0
-1.1778201899885463,25.78426283320943,-0.9000000000000014,24.57881405472546,1682798701397914409,1.23704923730374,1.705512111104081,0
-1.1775257985229794,25.928078025990235,-0.9000000000000014,24.817663005186038,1682798701497726202,1.1445706999890406,1.7195513664725954,0
-1.1908976628860999,26.156525673758136,-0.9000000000000014,24.739999999999824,1682798701597916841,1.4460865930811446,1.6935209759806273,0
-1.1917131895995488,26.300193436151776,-0.9000000000000014,25.06004021701526,1682798701697957277,1.274000232308066,1.7047400439279239,0
-1.1940675616603336,26.516379383990575,-0.9000000000000014,25.30045059862146,1682798701798014402,1.2509830302246572,1.7093657979734829,0
-1.196688967844227,26.660183461679242,-0.9000000000000014,25.45631249985423,1682798701898087501,1.2398909776129308,1.7123247698553694,0
-1.1882168665980113,26.862367670159323,-0.9000000000000014,25.699840095271924,1682798701997940063,1.197722557425196,1.71790177042924,0
-1.174169852261399,26.989330498354185,-0.9000000000000014,25.85984485425889,1682798702097764015,1.162285218053815,1.7203084450323887,0
-1.1571364480462987,27.186407552827195,-0.9000000000000014,25.779999999999802,1682798702197911739,1.429720727122539,1.6951736056648055,0
-1.1292240450213284,27.303095734884934,-0.9000000000000014,26.096606142070176,1682798702297939300,1.2280719850180857,1.6982894404314157,0
-1.0792735422360502,27.47386416990176,-0.9000000000000014,26.26324516744994,1682798702397931098,1.22382080879649,1.6832525962218372,0
-1.045759124088273,27.590292312639857,-0.9000000000000014,26.49747432346001,1682798702497753381,1.1024957504362825,1.6810428758802813,0
-1.0089584548065176,27.783518322111195,-0.9000000000000014,26.41999999999979,1682798702597915410,1.3678648177387012,1.6515555242626585,0
-0.7512326773706206,27.571324037888605,-0.9000000000000014,26.736589698178587,1682798702697706699,0.8478874537186131,1.6211408555120335,0
-0.48074452804708967,27.212758245603915,-0.9000000000000014,26.659999999999783,1682798702797498941,0.6937700114921487,1.5407742628798198,0
-0.3696430789460028,27.020905189000754,-0.9000000000000014,26.659999999999783,1682798702897559881,0.6415068348487827,1.480420491245388,0
-0.2471841831015822,26.838000965442223,-0.9000000000000014,26.659999999999783,1682798702997496366,0.6766482354157077,1.381766977795559,0
-0.17147000647759958,26.776385644796328,-0.9000000000000014,26.659999999999783,1682798703097731828,0.7377679647263482,1.3139584334738936,0
-0.05139110815339709,26.738934885691258,-0.9000000000000014,26.659999999999783,1682798703197708368,0.8522721205696264,1.214154558162781,0
0.034411132037349246,26.73508867547534,-0.9000000000000014,26.659999999999783,1682798703297710418,0.9374233157224096,1.1515716791936883,0
0.1701147024944789,26.743252556681266,-0.9000000000000014,26.659999999999783,1682798703398828506,1.0733482494926114,1.0682278063631898,0
0.2623889079557753,26.744921946071756,-0.9000000000000014,26.659999999999783,1682798703497745990,1.165486898366204,1.0218714093602945,0
0.40319415724806973,26.737976305632774,-0.9000000000000014,26.659999999999783,1682798703597892284,1.3055249196111423,0.9697000491528609,0
0.478310375548302,26.676743539187534,-0.5794015710721715,26.659999999999783,1682798703697759628,1.0578444631079764,1.1336818772307404,0
0.6327770747517174,26.67010906676876,-0.6600000000000015,26.659999999999783,1682798703797933816,1.2928165988393523,1.0282849747952028,0
0.728729278018188,26.64351150010854,-0.3422610246978163,26.659999999999783,1682798703897752285,1.0711172200746202,1.162917417123087,0
0.9043163539874148,26.651657846582644,-0.42000000000000154,26.659999999999783,1682798703999144792,1.3243426282356687,1.0738815667481103,0
1.0116492494105451,26.634707987836464,-0.09914654905861775,26.659999999999783,1682798704097759246,1.1110837015166835,1.1846406105846252,0
1.194509751304715,26.638654691205275,-0.1800000000000015,26.659999999999783,1682798704197931528,1.3746754812097604,1.113601350085962,0
1.306243929084751,26.62265608749489,0.14043429636978538,26.659999999999783,1682798704297737360,1.1664075906526743,1.1992987113785114,0
1.491500436902932,26.62110033576694,0.05999999999999851,26.659999999999783,1682798704397951841,1.4320288700758508,1.149534318533446,0
1.6074869739642026,26.608040173073693,0.378618860387748,26.659999999999783,1682798704498055458,1.2299661231835384,1.211003075628238,0
1.7869543495905562,26.59392076027452,0.6225748454107729,26.659999999999783,1682798704597913742,1.1662530152915476,1.2457782565898878,0
1.9258772791995593,26.608165979282177,0.4599999999999986,26.659999999999783,1682798704697915554,1.4667934290067093,1.1995243989287783,0
2.119303534727025,26.60976438197513,0.6998638930411206,26.659999999999783,1682798704797937631,1.420328311943308,1.2242641898242759,0
2.2467626651205093,26.60840187225852,0.9372234492049066,26.659999999999783,1682798704898043155,1.3105553497686602,1.250927340678247,0
2.4387396634555625,26.607057999667447,1.1726597944710773,26.659999999999783,1682798704999102830,1.2671862886122784,1.2728103054253297,0
2.566075798855058,26.60566361253733,1.339249334670122,26.659999999999783,1682798705097985267,1.2280291593553396,1.2886588136801311,0
2.7569946517816923,26.604265448237644,1.49932116780523,26.659999999999783,1682798705197901248,1.2589078332259354,1.2925435782453372,0
2.8829488682974573,26.602630731221307,1.7446196928813218,26.659999999999783,1682798705297783851,1.1397739006503687,1.3249564402539271,0
3.095210038383776,26.628775801313203,1.659999999999999,26.659999999999783,1682798705397936105,1.4355496525237925,1.2910504920098147,0
3.2191185500486124,26.627504599297506,1.9767634469387272,26.659999999999783,1682798705498530387,1.2427800100138298,1.3213555683697003,0
3.406807075160667,26.627697765282264,2.1425709070427987,26.659999999999783,1682798705597915410,1.2646487746189046,1.3261374040790503,0
3.534071592427344,26.629793639344438,2.3817977770812733,26.659999999999783,1682798705697705507,1.152669670701989,1.3545574845901203,0
3.7520199770294758,26.66278467914999,2.2999999999999994,26.659999999999783,1682798705798822402,1.4520226472512923,1.3260037162801348,0
3.881286833714263,26.666184648025148,2.6257756001161012,26.659999999999783,1682798705897996425,1.255526466293075,1.3548017934397718,0
4.0696194374630705,26.662587746848818,2.8608110516037044,26.659999999999783,1682798705997686862,1.2088111557053405,1.3718812832321075,0
4.209226100396377,26.674239134315375,2.6999999999999997,26.659999999999783,1682798706097949028,1.5092932700650699,1.3514960491719141,0
4.390308907626496,26.657245224904813,2.937491877684166,26.659999999999783,1682798706197913885,1.4528196416886292,1.360339006838751,0
4.502071795125595,26.63391612521152,3.1770937147405136,26.659999999999783,1682798706298012256,1.3252348026009972,1.3680205851382052,0
4.666516471123291,26.592457355788127,3.425919051592526,26.659999999999783,1682798706397935867,1.2424346929048202,1.371931572136263,0
4.785760815266298,26.572507991282045,3.5782970898176054,26.659999999999783,1682798706498031139,1.210629381711802,1.370909345901302,0
4.981212246199542,26.557191615525806,3.7396832075191107,26.659999999999783,1682798706599261283,1.2457784384893265,1.3600899366249166,0
5.121170900379013,26.556267184190588,3.897393070694397,26.659999999999783,1682798706697976827,1.2281663867340182,1.3582839401433733,0
5.34231090797631,26.56747027212096,4.220903588083678,26.659999999999783,1682798706797737836,1.125218257783842,1.3721190359736863,0
5.515814938493495,26.6038762193388,4.0600000000000005,26.659999999999783,1682798706897989034,1.4568963634715064,1.346244145507529,0
5.745799384059473,26.63299854203324,4.379433773638697,26.659999999999783,1682798706997907161,1.3666323792713457,1.353112716020112,0
5.889428626186605,26.64361973854894,4.53736723512273,26.659999999999783,1682798707097918272,1.352160611085377,1.3585172884917034,0
6.0996788026276825,26.65467009514384,4.782739442733469,26.659999999999783,1682798707197917222,1.3169501454209853,1.3687550297590731,0
6.238312311120041,26.66031438872079,4.939688907132108,26.659999999999783,1682798707298384666,1.2986234420437182,1.3755359550756607,0
6.443164302829601,26.66449320112139,5.179005020672663,26.659999999999783,1682798707399223804,1.2641672672237105,1.3863956068666838,0
6.581966803691116,26.66907730689753,5.339331570075265,26.659999999999783,1682798707497949361,1.2426683875129505,1.393983273873336,0
6.79468972093469,26.680631804447447,5.50237717825256,26.659999999999783,1682798707597923994,1.2924772258451276,1.3946655618363064,0
6.938570740361311,26.690844594176763,5.659734518687781,26.659999999999783,1682798707697951793,1.2792081421153374,1.4022063467015076,0
7.158157571216312,26.711243435863608,5.974473889074317,26.659999999999783,1682798707798669815,1.1847923653908141,1.4291665303045746,0
7.320356200719791,26.74406067636997,5.820000000000002,26.659999999999783,1682798707897976875,1.5027091955365595,1.4067745873915372,0
7.539243981200034,26.767418992886192,6.063299787081313,26.659999999999783,1682798707997910261,1.4798480003654064,1.42166186284672,0
7.677610619319018,26.77419871882168,6.301277708284521,26.659999999999783,1682798708097957611,1.381062500170523,1.43664466471194,0
7.87993646938,26.777151141574663,6.537835433019941,26.659999999999783,1682798708199033021,1.347204357835529,1.4522686294673164,0
8.01250433182165,26.775349926031716,6.697181100942145,26.659999999999783,1682798708297971010,1.3203714655834053,1.4620510010269463,0
8.20909501147711,26.76794345773363,6.939435667533828,26.659999999999783,1682798708397914648,1.2742396319884361,1.4755121611565931,0
8.34643578026233,26.76896333704784,7.102293732202348,26.659999999999783,1682798708498034715,1.2489044977785677,1.4841127801301786,0
8.563837413071777,26.783494705677782,7.262947884203309,26.659999999999783,1682798708597924470,1.3067381178530455,1.4858513847942834,0
8.714194977180647,26.80066179004366,7.420234144943803,26.659999999999783,1682798708698148012,1.3015837946676392,1.4945513770591263,0
8.945520596548617,26.836945504084657,7.7426102993112424,26.659999999999783,1682798708797932863,1.2158547999722493,1.525221226457264,0
9.17939473269574,26.882795527247172,7.900689758877479,26.659999999999783,1682798708899201631,1.297969282005165,1.5323609240244944,0
9.325253727605935,26.904613947983893,8.061804603950552,26.659999999999783,1682798708999214887,1.2869109027488759,1.5485541782004713,0
9.46231668900156,26.91734758338488,8.30024179704989,26.659999999999783,1682798709098011970,1.1902293195761193,1.5818867350041619,0
9.654510544601056,26.921972327884042,8.541270925803548,26.659999999999783,1682798709197701454,1.1436485253072803,1.608315494566907,0
9.793136900225237,26.93863251865132,8.380000000000004,26.659999999999783,1682798709298007249,1.4403443960484863,1.570312317095547,0
9.968470723171166,26.92577289449908,8.697795537162882,26.659999999999783,1682798709397938728,1.298172045526986,1.5986724391075369,0
10.079551830337536,26.910173849171215,8.859324004653265,26.659999999999783,1682798709497950553,1.2456094497808747,1.6106429289663464,0
10.252494563710428,26.89229798412805,9.020197807418022,26.659999999999783,1682798709597916126,1.2540006574953788,1.6129536624173695,0
10.37292495163725,26.884340130245512,9.263518631595623,26.659999999999783,1682798709697730779,1.13186168633229,1.6363737960325602,0
10.583355655274312,26.901572592841834,9.180000000000005,26.659999999999783,1682798709798761844,1.4239959314558492,1.6071440283302025,0
10.711507828642825,26.898158725209637,9.502988449021233,26.659999999999783,1682798709897988319,1.23176242405528,1.6289839950206082,0
10.911741731591901,26.898757811981323,9.672286054631346,26.659999999999783,1682798709997915744,1.2622423174382797,1.629559157008434,0
11.047017906871686,26.899455431001194,9.902976574301194,26.659999999999783,1682798710097722768,1.1688325260984729,1.6474817824424717,0
11.270080046884038,26.921023812934838,9.820000000000006,26.659999999999783,1682798710197927713,1.473385751692459,1.625418275894979,0
11.40884268795901,26.924685593404597,10.139198334687492,26.659999999999783,1682798710298099517,1.296940726151473,1.6413702734892877,0
11.617884012392139,26.930810363031178,10.382395842634779,26.659999999999783,1682798710397903442,1.2648198568711624,1.6525503996050512,0
11.757990444536466,26.935344465235783,10.540666676243154,26.659999999999783,1682798710498385667,1.2480752106295228,1.659729166142459,0
11.968217334968285,26.940618006030665,10.702759177337997,26.659999999999783,1682798710597927093,1.2961986013037474,1.6600138232608224,0
12.10898297374586,26.943250584663488,10.86016817585146,26.659999999999783,1682798710698038339,1.2805347684277704,1.6662345350487267,0
12.322891401047434,26.947874626702816,11.181088014210365,26.659999999999783,1682798710797708749,1.1775341926636402,1.6890140542538148,0
12.47584009937109,26.96252864301377,11.020000000000007,26.659999999999783,1682798710897957801,1.4869411470467455,1.6646678007707438,0
12.69198931956445,26.97091441124522,11.263371344409963,26.659999999999783,1682798710997915983,1.4620591951267248,1.6730991701974272,0
12.833602008776982,26.973511325084175,11.502560077514692,26.659999999999783,1682798711097939968,1.3674655292674167,1.6829125328131938,0
13.047932108907213,26.979211555501156,11.743496720752335,26.659999999999783,1682798711197908401,1.3429250533951531,1.692377403114107,0
13.191862413911593,26.98407144530523,11.900110855561396,26.659999999999783,1682798711297979593,1.3317824109675442,1.6984214285230799,0
13.407433747857992,26.990964409330292,12.138494299918527,26.659999999999783,1682798711398922920,1.3113903929724382,1.7079868105404876,0
13.548950155831823,26.993029298740005,12.30000301366761,26.659999999999783,1682798711497973918,1.2925855784974398,1.714650330131801,0
13.756784024762746,26.990493654183783,12.457751026068976,26.659999999999783,1682798711597944498,1.3404151547752738,1.714526933838178,0
13.89251079595932,26.985254198886174,12.703915034348007,26.659999999999783,1682798711697969675,1.2322946800232495,1.7296524533514395,0
14.091415068550306,26.972579823389243,12.942298638419317,26.659999999999783,1682798711799131631,1.1908714103492346,1.736168547402059,0
14.219987723443346,26.96054243644638,13.1010503221781,26.659999999999783,1682798711897734165,1.15859685139201,1.739500197015033,0
14.426691802503832,26.95654298872158,13.020000000000008,26.659999999999783,1682798711997957229,1.4376089772227747,1.7135769818382167,0
14.553826395404784,26.94212648478907,13.340674369717728,26.659999999999783,1682798712098116874,1.2455252670452597,1.722267649201918,0
14.747573081203003,26.919813924199545,13.576784505849448,26.659999999999783,1682798712198672056,1.199270262862582,1.720708915087207,0
14.880235318670062,26.905208862497357,13.736664637221038,26.659999999999783,1682798712297749280,1.1695645727009427,1.718478646911138,0
15.092571274868554,26.894343170480948,13.660000000000009,26.659999999999783,1682798712397951841,1.451611924423898,1.6974795209328948,0
15.229985602052256,26.882893075107653,13.980489929451164,26.659999999999783,1682798712498068809,1.2692205319722412,1.6942204650948074,0
15.442735916133767,26.87132320920753,14.219987755758867,26.659999999999783,1682798712597913026,1.2408749181323895,1.6872034725295457,0
15.588509940483911,26.867319516006987,14.379485872154865,26.659999999999783,1682798712697952032,1.226670526064917,1.6827785225676275,0
15.811111729800276,26.86568517334017,14.539961061419566,26.659999999999783,1682798712797926902,1.2876841275160573,1.6709200926880907,0
15.963035604454658,26.868742741720283,14.77782522518286,26.659999999999783,1682798712897958755,1.203452190722419,1.6743553610967168,0
16.19674822408598,26.880999115401302,15.019699357479427,26.659999999999783,1682798712999056816,1.1976162337694092,1.6727829009466102,0
16.357518715966346,26.896179909686595,15.178993719274564,26.659999999999783,1682798713098022699,1.201957618873077,1.6735865327258905,0
16.603432961505142,26.92836148081345,15.420247536609109,26.659999999999783,1682798713197921991,1.2132376659463346,1.6790473820903353,0
16.769963948653043,26.956566072385076,15.580773489054604,26.659999999999783,1682798713297943115,1.225612248833205,1.6857251136627458,0
17.020159145584472,27.006622491173395,15.740086984214084,26.659999999999783,1682798713397927999,1.3261718929697073,1.6884986449497705,0
17.18258949222892,27.03947967888741,15.980412245654094,26.659999999999783,1682798713498183965,1.2606486262519343,1.7136614368572467,0
17.41860847994994,27.08391974057495,16.22254137536407,26.659999999999783,1682798713597906112,1.268969844055302,1.7371559969319643,0
17.581898978397028,27.123297232407097,16.06000000000001,26.659999999999783,1682798713698869466,1.5908553755769774,1.7267115670165418,0
17.809110137873727,27.163995983579987,16.29961389480194,26.659999999999783,1682798713798296928,1.5914115933072803,1.7440935493618943,0
17.957622589156482,27.18842314871929,16.54226233943651,26.821131169718033,1682798713897990465,1.4622407579896166,1.6072613588090399,0
18.1667603900981,27.207599526901173,16.69696694773527,26.77999999999978,1682798713997924089,1.5307299300069486,1.6693413530494647,0
18.297645981862175,27.20810985029674,16.94256401535796,26.77999999999978,1682798714097998619,1.4210999893977259,1.6943766155186104,0
18.486355885531736,27.19647241334324,17.180240840496644,26.77999999999978,1682798714197909832,1.3709069195037082,1.717437530778873,0
18.60698566555364,27.180207001195015,17.33999729161077,26.77999999999978,1682798714298166751,1.328693035848415,1.7301409973880724,0
18.78355928216991,27.147290170205196,17.501160548497854,26.77999999999978,1682798714399080276,1.3339597374933092,1.7340627315120665,0
18.906679108829216,27.129159726628462,17.743390238053184,26.77999999999978,1682798714497971057,1.2145589782183457,1.7514306877685084,0
19.103088940905884,27.112066368563475,17.979445137684397,26.77999999999978,1682798714597719192,1.1716840314901997,1.7579418139199579,0
19.25159696530212,27.118573871790865,17.819999999999972,26.77999999999978,1682798714698012590,1.47108875929426,1.7330700467992735,0
19.467387008380328,27.121514139279515,18.062035104578484,26.77999999999978,1682798714797936439,1.4462523572487078,1.7364292224144366,0
19.61228434608132,27.124477839219185,18.301237990437482,26.77999999999978,1682798714897971391,1.3555469480472675,1.742598001270974,0
19.822619090005944,27.12137670640854,18.54010703566738,26.77999999999978,1682798714997974157,1.3271681224329557,1.7470439413715202,0
19.955964739479604,27.111428253258765,18.69842414527766,26.77999999999978,1682798715098038434,1.3004818465184673,1.7490026046534726,0
20.147216449142974,27.086509739933156,18.94259749473016,26.77999999999978,1682798715197944164,1.2430024320187993,1.7503647612503255,0
20.26953224928428,27.063906212319445,19.100057393627115,26.77999999999978,1682798715297939300,1.2034426348638487,1.7486920039163132,0
20.446143259695273,27.022235577786486,19.262628032060814,26.77999999999978,1682798715397924900,1.2080506484366884,1.7344265973512694,0
20.570199591683405,26.999146635980765,19.505268344579555,26.77999999999978,1682798715497778177,1.087245974524598,1.7382382810540011,0
20.789147887754698,26.9919024970549,19.419999999999938,26.77999999999978,1682798715599316835,1.3854488827818647,1.7062553700571164,0
20.932598952846433,26.983766310002984,19.74534571168101,26.77999999999978,1682798715697966814,1.2046123724045512,1.7034608774531237,0
21.16050807855053,26.983294309320645,19.902538422786208,26.77999999999978,1682798715797932147,1.2742904814154654,1.688137092405476,0
21.317294243257752,26.988837312393795,20.062769046435122,26.77999999999978,1682798715897978782,1.2717886980590818,1.6827859132629168,0
21.54893850093836,26.99627268048758,20.379416730606977,26.77999999999978,1682798716000216722,1.1893506815083714,1.6846066943133224,0
21.711759564978784,27.011351340176585,20.21999999999992,26.77999999999978,1682798716098002672,1.50959267430242,1.672743483929016,0
21.939666463154538,27.020677256202852,20.46186802383069,26.77999999999978,1682798716198989868,1.4972687697676195,1.6690796979608467,0
22.08651673299202,27.02242864548198,20.62152420196274,26.77999999999978,1682798716299690961,1.4849157431052828,1.6673809238034325,0
22.304317020488572,27.023545682581,20.942772007397657,26.77999999999978,1682798716397953987,1.3831555668747786,1.6656955227608587,0
22.44704647850533,27.02245301014996,21.10010990057071,26.77999999999978,1682798716498062372,1.3685837961590472,1.6653902064256083,0
22.65758083841096,27.01733412896511,21.260029722011808,26.77999999999978,1682798716597962141,1.417560091043851,1.6628378036093845,0
22.79624240068134,27.011857661779796,21.500034492297313,26.77999999999978,1682798716698701620,1.3167812715418568,1.6645453766179386,0
23.002634817586916,27.001012908984578,21.65946502866297,26.77999999999978,1682798716798032045,1.3612317171649784,1.6590087385162757,0
23.140212938173878,26.992782542006676,21.898998427995075,26.77999999999978,1682798716897955179,1.2593211943191154,1.6617954483419184,0
23.354620709908826,26.986757368491446,22.140077437667973,26.77999999999978,1682798716997956037,1.2320162213100592,1.6595048693496977,0
23.504718036980186,26.99000057342929,22.298414796017603,26.77999999999978,1682798717098025321,1.2244458950878778,1.6583988688189564,0
23.736057892427674,27.002758609213007,22.45682205968253,26.77999999999978,1682798717197915315,1.2984859312898898,1.6507874851051314,0
23.89419241386176,27.016988514069748,22.619440402468374,26.77999999999978,1682798717297997236,1.2965940946775025,1.6524457091788634,0
24.13232731468303,27.042731367159877,22.94296371197344,26.77999999999978,1682798717397939443,1.2180367608328375,1.6683345923073212,0
24.288470037007645,27.059316127654547,23.100610920578557,26.77999999999978,1682798717497991561,1.2202568498688084,1.6742063762071404,0
24.515478908559782,27.07857572302129,23.2573995309127,26.77999999999978,1682798717597936630,1.2930240457310478,1.6731710849857109,0
24.663575798337813,27.08871862771229,23.50238798342443,26.77999999999978,1682798717698196649,1.2015258351779254,1.6941539069437437,0
24.882791446713846,27.101882919002726,23.737046842219037,26.77999999999978,1682798717798008680,1.190100547128192,1.7066238360230703,0
25.024602006082336,27.107528286779687,23.89646830303262,26.77999999999978,1682798717898953914,1.1747171704702564,1.7158839550284577,0
25.243449051809325,27.125465967940972,23.819999999999844,26.77999999999978,1682798717997956037,1.4647709507301319,1.6913642270927285,0
25.374998414846083,27.122431410242775,24.13907097752899,26.77999999999978,1682798718098083496,1.2824881679899423,1.7128082806187024,0
25.567790526509196,27.112325637736685,24.302904373683692,26.77999999999978,1682798718197910070,1.307813942847737,1.7142662897960148,0
25.694648283484113,27.10274415979747,24.537345097096598,26.77999999999978,1682798718297973871,1.2014634650734137,1.7306910644980702,0
25.883190158139325,27.084130712832685,24.78281840987924,26.77999999999978,1682798718397693634,1.1416275552285888,1.739421671182878,0
26.027839034520255,27.08959741300559,24.619999999999827,26.77999999999978,1682798718497933149,1.4414788604968511,1.7105334547007578,0
26.232127452635453,27.08259541528739,24.861368842613842,26.77999999999978,1682798718599125146,1.4037603614226533,1.712521549108082,0
26.367496346817592,27.07539293015963,25.023214397937412,26.77999999999978,1682798718697937011,1.3763542208579582,1.7131044911421545,0
26.576199896340764,27.06797187733893,25.340687835071105,26.77999999999978,1682798718797929048,1.2686283363069883,1.7191714107953129,0
26.71761654737913,27.064346599874845,25.49932400465307,26.77999999999978,1682798718897979497,1.2510354545425328,1.7196061767124025,0
26.930475376586138,27.059215081810304,25.739131328843584,26.77999999999978,1682798718998822450,1.2236264552558798,1.7202869591002816,0
27.072981726401377,27.056194338261854,25.899890554956407,26.77999999999978,1682798719097945451,1.2051664652694893,1.7208469249272846,0
27.287005422818506,27.051672352707765,26.06243023562565,26.77999999999978,1682798719197897911,1.2543485386105038,1.7120738288491077,0
27.43114208928895,27.050028380285216,26.297042248379263,26.77999999999978,1682798719297777891,1.165803489148559,1.7217645824660999,0
27.657854254928655,27.058674129822116,26.219999999999793,26.77999999999978,1682798719398949623,1.4646105724899257,1.7000176373330038,0
27.80201263200017,27.058132662510975,26.53964332161718,26.77999999999978,1682798719497986078,1.2926461440596926,1.7052293374975716,0
28.020827422897053,27.06015121294951,26.697262134943806,26.77999999999978,1682798719597964763,1.3528894166161427,1.700480309622329,0
28.168582839203264,27.063777824516546,26.940062165562335,26.77999999999978,1682798719698035717,1.2608698978287294,1.7082542351193997,0
28.3921281339736,27.07240990541786,27.18015766405915,26.77999999999978,1682798719798075437,1.246746154087217,1.7118401515132355,0
28.541729184689643,27.079979181645786,27.336307948874488,26.77999999999978,1682798719898003339,1.2421867271771756,1.714674483775067,0
28.767081818662387,27.094709051982367,27.582670409288447,26.77999999999978,1682798719997930288,1.225508944910212,1.7223573562010082,0
28.91932778469724,27.108412075520864,27.740698416575132,26.77999999999978,1682798720098011970,1.2235283726779649,1.7280348215641492,0
29.148269477134413,27.13256844963301,27.895836994205986,26.77999999999978,1682798720197913408,1.3011116923504462,1.726910461448124,0
29.37821941730158,27.16163619657939,28.22539359338488,26.77999999999978,1682798720299401998,1.2143531474941582,1.7548046587230592,0
29.54315909957894,27.19673483856181,28.059999999999754,26.77999999999978,1682798720399413824,1.5405936649018983,1.7326004538599882,0
29.690545410874083,27.213281752324527,28.381328110294174,26.77999999999978,1682798720498372316,1.379051491799834,1.7542622960688332,0
29.90663217853704,27.233291443850224,28.54068302575711,26.900341512878462,1682798720598192214,1.4059419420852015,1.6447097026087163,0
30.04466715193968,27.239296857703465,28.78043717299678,26.85999999999978,1682798720697969436,1.319902854729035,1.706598588123658,0
30.248404679473524,27.242442227433486,29.025066107499903,26.85999999999978,1682798720798111200,1.2817251339514695,1.7255726713978103,0
30.382315833319215,27.240527720098314,29.18296865878212,26.85999999999978,1682798720898009061,1.2582666612580589,1.7363945027611651,0
30.59771384598794,27.252343364121938,29.09999999999973,26.85999999999978,1682798720999269962,1.5482506514887968,1.7234144089577905,0
30.73741721372979,27.25565067670557,29.416729581428203,26.85999999999978,1682798721097983837,1.3786788168721955,1.7394067551098458,0
30.949773479193713,27.26318484021839,29.578327900721657,26.85999999999978,1682798721198003053,1.4294827701279431,1.7462437228646377,0
31.093529430792213,27.27066873152178,29.81995152988537,26.85999999999978,1682798721298292398,1.338151514862264,1.7627187576393584,0
31.309679405975274,27.283170369880832,30.06707878305005,26.85999999999978,1682798721399800300,1.3126802619219278,1.778078791196041,0
31.44773700970001,27.28511225517452,30.21521614404717,27.017608072023506,1682798721498267173,1.2612161481177286,1.629989368541903,0
31.635747068254066,27.26520631717166,30.37724278969475,26.979999999999777,1682798721597946166,1.2904168560999387,1.6681208645460133,0
31.753321879700813,27.24142868450337,30.61977159726656,26.979999999999777,1682798721697767734,1.1633061505416595,1.6852064675448994,0
31.93401848486687,27.205974306550868,30.5399999999997,26.979999999999777,1682798721799008846,1.412215253908766,1.657618277031643,0
31.758196380742724,26.942091925168114,30.859909604627166,26.979999999999777,1682798721897756814,0.8990862885627419,1.6489097952692673,0
31.454621790020678,26.651985155762297,30.779999999999696,26.979999999999777,1682798721998782873,0.7501388522208752,1.5719547246578538,0
31.29944901878412,26.527695604040144,30.779999999999696,26.979999999999777,1682798722097496986,0.688771768963065,1.5183392211099622,0
31.138051101803978,26.38837953893262,30.779999999999696,26.979999999999777,1682798722197518825,0.691531171717207,1.431638297632255,0
31.071044658268253,26.308596648101506,30.779999999999696,26.979999999999777,1682798722297739744,0.7317714493247832,1.371919350482186,0
31.010603410743776,26.192481758710677,30.779999999999696,26.979999999999777,1682798722397722959,0.8205869322685314,1.2826136391575937,0
30.991580551570802,26.112853324277328,30.779999999999696,26.979999999999777,1682798722498144865,0.8925859549755571,1.2249668124703854,0
30.98137506408283,25.986878715637474,30.779999999999696,26.979999999999777,1682798722597745656,1.0133320294394708,1.1445852982495945,0
30.98044653012783,25.89824500920311,30.779999999999696,26.979999999999777,1682798722697750568,1.1001693831196666,1.097308533604637,0
30.983297589693105,25.758214813494007,30.779999999999696,26.979999999999777,1682798722797936677,1.2385834456911202,1.0405721789187883,0
30.930389366725613,25.678315351498252,30.779999999999696,26.659904422920725,1682798722897757768,0.9930428322888469,1.224162070254477,0
30.924342453769764,25.52940192225003,30.779999999999696,26.73999999999978,1682798722998018741,1.2191728547715275,1.1097079858221788,0
30.85687733270564,25.403432484570956,30.779999999999696,26.420535918638702,1682798723098643541,1.0200046665953946,1.2424241179965072,0
30.860912822806604,25.294611608162256,30.779999999999696,26.499999999999787,1682798723197923898,1.208101014017971,1.1609098428666988,0
30.810483989115546,25.213609734012532,30.779999999999696,26.178975761974538,1682798723297780036,0.9658472143851506,1.2933628444085898,0
30.780731522921315,25.064464819480758,30.779999999999696,26.259999999999792,1682798723397722482,1.1955354043207855,1.193551983633305,0
30.782383563701504,24.950067967170405,30.779999999999696,26.259999999999792,1682798723497970342,1.3099342014041968,1.1720753695194905,0
30.771503404603,24.785193957252122,30.779999999999696,26.02503385482193,1682798723599108695,1.239869010718168,1.2171979258274943,0
30.77121093237606,24.66900187595016,30.779999999999696,25.778367841616394,1682798723697709083,1.1094007812726074,1.2775569443209538,0
30.829227877727572,24.45239805079504,30.779999999999696,25.8599999999998,1682798723798891305,1.4084625061927039,1.2266269825878635,0
30.859375146778532,24.315092836171075,30.779999999999696,25.542333290652063,1682798723897982835,1.2298046784107077,1.2953088577475504,0
30.89606626057708,24.116244168367807,30.779999999999696,25.379453438675416,1682798723998044967,1.2685302666611857,1.318156680063436,0
30.91056801481318,23.991409551660833,30.779999999999696,25.2202540743516,1682798724098113059,1.2357616547860006,1.3480634622182892,0
30.918084432610506,23.815652329404752,30.779999999999696,24.89525401776107,1682798724197819232,1.088396580310347,1.4221813066278324,0
30.961095600371944,23.617438141007383,30.779999999999696,25.059999999999818,1682798724301295280,1.453884566770654,1.360392763721764,0
30.943765165653364,23.51996895498029,30.779999999999696,24.822553385769325,1682798724397898912,1.3128386149163842,1.397949569451551,0
30.92628303063899,23.423284853155128,30.779999999999696,24.65822075008872,1682798724498006343,1.2435696179097468,1.4223632015659553,0
30.904038121267785,23.27416069942062,30.779999999999696,24.340378512219612,1682798724597682476,1.0734085335311923,1.4781742818495027,0
30.934836956463393,23.13627507680272,30.779999999999696,24.49999999999983,1682798724698004245,1.372486848474661,1.4257498521277256,0
30.933501989395868,22.964273525561172,30.779999999999696,24.17866025399824,1682798724797883749,1.2240498302571934,1.467962770263939,0
30.923536376672825,22.853064175209813,30.779999999999696,24.019818443508093,1682798724897695541,1.1755501750332507,1.4851805860376917,0
30.941329305109473,22.653819329994384,30.779999999999696,24.099999999999838,1682798724997919082,1.4551514268228674,1.4595495802734277,0
30.93625033047553,22.533698999725754,30.779999999999696,23.783307928131812,1682798725097946166,1.2593397634180954,1.490208017927944,0
30.931286303495703,22.350089013408518,30.779999999999696,23.540020825535922,1682798725197683811,1.1995104264400105,1.510807403401519,0
30.953510138794144,22.205910794894027,30.779999999999696,23.699999999999847,1682798725297907352,1.504130420235628,1.4884543661929044,0
30.96137529383893,22.014050226903816,30.779999999999696,23.46023600999866,1682798725397940158,1.4575151170539933,1.5027942723034209,0
30.960921214086024,21.89185760071787,30.779999999999696,23.22574447994469,1682798725498026847,1.3461005505830308,1.5180919358589533,0
30.960760617573417,21.70782069106198,30.779999999999696,22.977744526112048,1682798725597977161,1.2827240341140829,1.5351741915650048,0
30.96273624628018,21.582381769687363,30.779999999999696,22.81943519278378,1682798725698155879,1.2504773917585406,1.5458204288658475,0
30.96736568973713,21.390423008548943,30.779999999999696,22.657975653685376,1682798725797930240,1.281325723570378,1.5497693764145541,0
30.97191887555298,21.259218987159414,30.779999999999696,22.416337806825954,1682798725898024559,1.1729266036799244,1.574123381998921,0
31.004611273222675,21.037181412852053,30.779999999999696,22.499999999999872,1682798725997923851,1.4799623113322815,1.5524315584664399,0
31.013457311615724,20.90018245401531,30.779999999999696,22.184079729556924,1682798726097975492,1.3049500107246095,1.5746529751345901,0
31.03056535253821,20.690738238971708,30.779999999999696,21.937956092142638,1682798726198403358,1.272138109310878,1.5931975003074224,0
31.044120096940254,20.549293672288417,30.779999999999696,21.777446813251913,1682798726297997236,1.2562322887373938,1.6058758136237652,0
31.06784560940083,20.334929721814262,30.779999999999696,21.622096790588127,1682798726397935628,1.3189594981603545,1.6122481083296918,0
31.08276739076788,20.193142065752316,30.779999999999696,21.46240734082826,1682798726497941255,1.304876404655318,1.6256288590752261,0
31.10174000240549,19.98283011417413,30.779999999999696,21.1420596281477,1682798726598018407,1.203050163216594,1.662106311439981,0
31.11234829810049,19.84347680778561,30.779999999999696,20.977404475026255,1682798726697968721,1.1816291066930877,1.6782313983716268,0
31.127123773303996,19.63350332294946,30.779999999999696,20.739661532212693,1682798726797736406,1.1593450297100782,1.7002448187591628,0
31.150909376967682,19.48045355577412,30.779999999999696,20.899999999999906,1682798726898118734,1.467203419174334,1.6650134425062182,0
31.166302577051944,19.267530110827355,30.779999999999696,20.65652518421973,1682798726998132944,1.4417132152219112,1.685156507860892,0
31.170438317665457,19.130067282638848,30.779999999999696,20.42460774658886,1682798727097924470,1.3521379710316468,1.7057981298702325,0
31.17321211945275,18.925618641968214,30.779999999999696,20.17976968083511,1682798727197894811,1.3143479749197626,1.7252612758637664,0
31.174186596546054,18.78927150290116,30.779999999999696,20.017139113605264,1682798727298246145,1.2895898349138035,1.737404327780115,0
31.173165273648983,18.5855957452122,30.779999999999696,19.859254430698037,1682798727398048877,1.3329611320354515,1.7416108976171265,0
31.172866343589,18.448615196030882,30.779999999999696,19.620618290850945,1682798727497916460,1.2360967673256957,1.7630385077967385,0
31.185624088414905,18.230914726610546,30.779999999999696,19.699999999999932,1682798727598725318,1.524054605843319,1.7461683080156756,0
31.186284696030558,18.092817661639053,30.779999999999696,19.379219770241555,1682798727698532342,1.3490358183702365,1.7634784140847062,0
31.188498208616302,17.884289989083747,30.779999999999696,19.142915478154972,1682798727798175811,1.32325693203654,1.7751686508300908,0
31.191889141664113,17.744012574519452,30.93859837436431,18.982803251270706,1682798727898079156,1.264420244066486,1.6259603942419083,0
31.199632040826366,17.532452939067703,30.899999999999693,18.825111646827292,1682798728000287771,1.3269310059820922,1.6658937558059959,0
31.20767268326087,17.38951679100137,30.899999999999693,18.663681128328715,1682798728098229408,1.3107849703677434,1.6739413737709485,0
31.225817635761768,17.171331091714126,30.899999999999693,18.342911801125883,1682798728198163747,1.2160421417201555,1.699860656824344,0
31.24032630236746,17.025126946422436,30.899999999999693,18.177286205098948,1682798728297992467,1.2013712787632838,1.7117508888284427,0
31.266375490993234,16.804540164958308,30.899999999999693,18.02214971685961,1682798728397933483,1.2715360872905044,1.714216030157666,0
31.275605908817155,16.665477932432523,30.899999999999693,17.77681437594604,1682798728497870445,1.173093555271642,1.743317495108677,0
31.292522527611574,16.4530360119552,30.899999999999693,17.85999999999997,1682798728597943067,1.4606921641255115,1.7154519158597605,0
31.282047713873823,16.328562768816106,30.899999999999693,17.540148482683033,1682798728698118448,1.270393796317851,1.7423496905221003,0
31.255676708643307,16.14694031440694,30.899999999999693,17.294703160176343,1682798728797931432,1.2016095335841144,1.7555124459749203,0
31.244662033020273,16.016472952975857,30.899999999999693,17.45999999999998,1682798728898109436,1.484103181216206,1.731671527686117,0
31.22176325107104,15.824531950431588,30.899999999999693,17.215422696896482,1682798728998785734,1.4276234301599537,1.733523678098049,0
31.209458180061908,15.692205323948812,30.899999999999693,16.98266043643652,1682798729098510026,1.3270413567606267,1.7364376979012823,0
31.19895835102772,15.484572753042775,30.899999999999693,16.733787124537923,1682798729198030948,1.2844892532051073,1.736629805394851,0
31.198171644034606,15.339625222462601,30.899999999999693,16.582531219165947,1682798729298367023,1.2781712115157424,1.7355473424068335,0
31.20293021242011,15.116876592324598,30.899999999999693,16.419399649406206,1682798729398971319,1.3372856941679652,1.7297584137447122,0
31.20874418486568,14.96648776924801,30.899999999999693,16.182134863944587,1682798729497959613,1.2542411373148266,1.7372405932182218,0
31.219794745180575,14.740046860904243,30.899999999999693,15.937219109068208,1682798729597938537,1.2391489300399954,1.7413031378997281,0
31.235216720554345,14.51131391602023,30.899999999999693,15.781145532660293,1682798729698902845,1.313332625178455,1.7370228643090957,0
31.24701992675729,14.358532028827298,30.899999999999693,15.61484960255938,1682798729797957658,1.303363600702011,1.741945558498165,0
31.260066221939116,14.205599876973961,30.899999999999693,15.457243783157814,1682798729897984981,1.3024055251990079,1.7470677394055354,0
31.273207250739823,13.983517338281095,30.899999999999693,15.140310142892845,1682798729997975111,1.215505345445476,1.7679991988394603,0
31.289370158702514,13.829572252620622,30.899999999999693,15.30000000000001,1682798730097947359,1.5211071233649127,1.7475214714653204,0
31.293500898704,13.617596489872929,30.899999999999693,15.059085801977002,1682798730198012590,1.4942337147151283,1.7559640690957623,0
31.288801538482687,13.482280491586812,30.899999999999693,14.822439715912434,1682798730298009157,1.3954187123841353,1.7641018796813694,0
31.27782881845267,13.28139866673613,30.899999999999693,14.66523041939093,1682798730397918939,1.4344842054582636,1.7660698411853015,0
31.276306855321078,13.141163403405566,30.899999999999693,14.422343476677678,1682798730498179912,1.335301175582275,1.774356178243898,0
31.28657287276287,12.919150153534927,30.899999999999693,14.176892708535883,1682798730599850177,1.3158096065224287,1.781154189923592,0
31.31120742342516,12.685658388357428,30.899999999999693,14.019917789201253,1682798730698728799,1.3961875568204776,1.78206338669904,0
31.333519908833765,12.526653475380696,30.899999999999693,13.856502283427647,1682798730798092603,1.3987270511502223,1.789493987435467,0
31.363812228207514,12.362764846889753,31.02143933692106,13.697121326157271,1682798730897986888,1.3775799107315163,1.6778622666188094,0
31.396806297700145,12.131379905662854,31.01999999999969,13.378595257107133,1682798730998074054,1.3028925968263845,1.706991482894713,0
31.409290156296713,11.985986585461267,31.01999999999969,13.226084999856663,1682798731098179817,1.2997657108785934,1.7186930352933647,0
31.415071432904718,11.778495176565649,31.01999999999969,12.974595196253627,1682798731197912216,1.259657371746466,1.7395158637012222,0
31.423338694967335,11.635947744916242,31.01999999999969,13.140000000000008,1682798731298136949,1.5571946856063832,1.721360033963282,0
31.4135169024084,11.440527325849965,31.01999999999969,12.8971924526471,1682798731398904561,1.5088833103021124,1.7338962453153586,0
31.4053744256931,11.31101142152901,31.01999999999969,12.656726037662407,1682798731498243808,1.399807585367926,1.7444441640544095,0
31.401002333802875,11.109109359902613,31.01999999999969,12.417575661350057,1682798731598191499,1.3628084386248227,1.7540769939780778,0
31.402993501863108,10.969971105264,31.01999999999969,12.2608837632777,1682798731698559045,1.3465286900358275,1.7599406891724867,0
31.410838644744135,10.757223013647772,31.01999999999969,12.101896836587455,1682798731799224853,1.4003222973033371,1.7624212717588548,0
31.420391874232507,10.611996755214143,31.01999999999969,11.939626088982626,1682798731897948980,1.3866914944695572,1.768787651076106,0
31.429218017313026,10.399887684637095,31.01999999999969,11.617495032266664,1682798731998096704,1.2845337826212946,1.788387185152281,0
31.433134943142072,10.2605301592614,31.181254451453235,11.457491097092909,1682798732098050594,1.223175894459949,1.6368955774453429,0
31.431639505850242,10.057876090209938,31.139999999999688,11.218109523378752,1682798732199475049,1.1963257168578503,1.6891622176551107,0
31.426325103365496,9.925618543863102,31.139999999999688,11.059661532212791,1682798732297821760,1.1696305246711605,1.695858172631316,0
31.42949929683032,9.714687792639246,31.139999999999688,11.140000000000006,1682798732398075819,1.4544155978663837,1.6713792490730566,0
31.422021382896467,9.582160916639232,31.139999999999688,10.819787850790814,1682798732498376369,1.2693527833303297,1.6854916038873036,0
31.41301798168804,9.380026785399075,31.139999999999688,10.580760112236247,1682798732597949981,1.231381070385055,1.6909334586198954,0
31.409022458276286,9.242846700399951,31.139999999999688,10.425777270664213,1682798732698076486,1.2131355312259693,1.693452877126814,0
31.403261665929467,9.036618537413162,31.139999999999688,10.258761041067261,1682798732798883914,1.2501755892617776,1.6880143158198089,0
31.400744738289337,8.897889946023188,31.139999999999688,10.019618423521122,1682798732897789478,1.1516347492914452,1.7018522782366103,0
31.416020794981563,8.670795040798883,31.139999999999688,10.100000000000005,1682798732999237775,1.455614748024871,1.6776611287316896,0
31.422537077181204,8.522517220529332,31.139999999999688,9.793355627909014,1682798733098024606,1.301866912419852,1.6868763638409219,0
31.429850381820472,8.302289499876336,31.139999999999688,9.61573691025469,1682798733197960376,1.3450491974910277,1.6865930232432553,0
31.437713308096694,8.153226714373297,31.139999999999688,9.381183126456916,1682798733298007488,1.2635308321506598,1.6981497753657722,0
31.45071928996807,7.929540708881347,31.139999999999688,9.139324668546156,1682798733398036479,1.2490491208198016,1.7064627671231862,0
31.455798668987075,7.784241911797734,31.139999999999688,8.982410116356894,1682798733498611211,1.2390866982381523,1.7119496718806892,0
31.45512130294383,7.573766843235064,31.139999999999688,8.824674283796533,1682798733598025321,1.2899887055401913,1.7093816605486978,0
31.449269405322813,7.437844791098483,31.139999999999688,8.579421745788672,1682798733698176860,1.1827279943201838,1.7262656568663066,0
31.43325719298822,7.239210775869271,31.139999999999688,8.339973140022895,1682798733798992872,1.139156514082498,1.7320821364218157,0
31.43148029276058,7.097351753564971,31.139999999999688,8.500000000000004,1682798733898081302,1.4326139969633294,1.7030147911908324,0
31.41081143485585,6.900929666331056,31.139999999999688,8.179987448661477,1682798733997991085,1.3074125759640176,1.7057730604335941,0
31.392375947209533,6.773061163498385,31.139999999999688,8.018661223704775,1682798734098075866,1.2709103543193874,1.7041884859495995,0
31.361080605461588,6.582524831681867,31.139999999999688,7.862331438506226,1682798734197956562,1.298761558170968,1.69296950076661,0
31.33894618628215,6.455259824022894,31.139999999999688,7.620458202479587,1682798734297780752,1.1820604240877208,1.6932101165270226,0
31.314806481887825,6.252444817530141,31.139999999999688,7.700000000000003,1682798734399200201,1.4580717788934339,1.675914290958082,0
31.294100900719016,6.121422152754368,31.139999999999688,7.3805804291407116,1682798734498153924,1.2685529758724052,1.6628615079897135,0
31.26588264669234,5.919919483507184,31.139999999999688,7.218040173281367,1682798734600296020,1.3042100160473193,1.6457311740755773,0
31.249079561750065,5.782443475400571,31.139999999999688,7.057334519430627,1682798734697942256,1.2795489537097442,1.634194393805969,0
31.228101988148943,5.570709555192387,31.139999999999688,6.740336737922751,1682798734797818183,1.172940623773266,1.6205913847681916,0
31.226164630466812,5.416151435716985,31.139999999999688,6.900000000000002,1682798734898071527,1.4863481776718086,1.615114257311225,0
31.210199053334293,5.200395226597719,31.139999999999688,6.661583334218557,1682798734998222589,1.4628734029100543,1.596472732786505,0
31.19418733145632,5.062271135191425,31.139999999999688,6.418329876715713,1682798735098140239,1.3571409570692454,1.5782509009402488,0
31.166088727103592,4.858647754772054,31.139999999999688,6.17552958360905,1682798735198051691,1.3171402251859796,1.559152874305495,0
31.146610423762564,4.722885350740629,31.139999999999688,6.01935736111693,1682798735298247098,1.2964888628104343,1.5458368009330605,0
31.1139412107316,4.521671123680978,31.139999999999688,5.8543205781966545,1682798735398383617,1.332904208530774,1.5258949776179453,0
31.094467053459063,4.383959442051029,31.139999999999688,5.613705779881306,1682798735499115228,1.23058900719438,1.5095838944072877,0
31.076024453784317,4.164403278890919,31.139999999999688,5.377260557266533,1682798735599104166,1.2145433908355254,1.4878917630368131,0
31.07031390725995,4.010996387844269,31.139999999999688,5.220908281870445,1682798735698392152,1.2119170527834564,1.4744205792527094,0
31.067507586504654,3.7765135175664395,31.139999999999688,4.982757210304955,1682798735798434495,1.2084200413290842,1.4566634653208048,0
31.08057120458335,3.6060710502318685,31.139999999999688,5.140000000000001,1682798735898578643,1.5350797388609498,1.460039743760939,0
31.090366631278414,3.3663952227923106,31.139999999999688,4.891302110330439,1682798735999032974,1.5257144185436025,1.44404532979085,0
31.099003089949925,3.1316906639124387,31.139999999999688,4.745018644958287,1682798736099341869,1.6138487912623973,1.4458910281462596,0
