0.8872760684622173,2.36023832595767,2.5,2.5,1682824253851864337,0.42258212433848247,1.6187686075797856,0
0.8872760684622173,2.36023832595767,2.5,2.5,1682824253861756324,0.42258212433848247,1.6187686075797856,0
0.9540932777782523,2.308232581248757,2.5,2.5,1682824253961816072,0.44412782261086226,1.5577555445912887,0
1.0007868900826011,2.268192913601356,2.5,2.5,1682824254061852216,0.5042377214505143,1.5170281718718435,0
1.0747928113942353,2.2021283781784042,2.5,2.5,1682824254161865472,0.603086226756143,1.4560024153620679,0
1.1275697992689653,2.154856115562128,2.5,2.5,1682824254262104272,0.6663498937849626,1.4151639328514176,0
1.2132849204671268,2.080090904776659,2.5,2.5,1682824254362650871,0.756926384364518,1.3534989265413448,0
1.2756132054712066,2.0281741915014515,2.5,2.5,1682824254462179183,0.8156971736744529,1.3121519028610227,0
1.3782992444292372,1.9480728230915774,2.5,2.5,1682824254562217473,0.903615701895567,1.2501344702303514,0
1.4536545372095928,1.8937741185814936,2.5,2.5,1682824254662290096,0.9635931468779291,1.2092760837805883,0
1.5781084810099424,1.8121771247834118,2.5,2.5,1682824254762038469,1.0572129283803466,1.1502105374482579,0
1.669155375628837,1.7585199130282638,2.5,2.5,1682824254862149238,1.1226986568650992,1.1135957566469405,0
1.8181926368463852,1.6807498135028596,2.5,2.5,1682824254962186813,1.2267220709848892,1.0658480888597983,0
1.9263135680286685,1.6357417684935722,2.66,2.5,1682824255062160968,1.1015953817965534,1.1336834087104926,0
2.0991743796542486,1.572905952013776,2.66,2.5,1682824255162354707,1.241093517643861,1.0835260727124567,0
2.220287829258849,1.536778565751604,2.8200000000000003,2.5,1682824255262037038,1.1463124276065992,1.1346586355069972,0
2.40885076751132,1.4871359528753196,2.8200000000000003,2.5,1682824255362149238,1.3063282545092054,1.0931318627383513,0
2.537871006023787,1.459043366606082,2.9000000000000004,2.5,1682824255462192296,1.3105679576273068,1.1021470504814792,0
2.734443689216005,1.4257293219124803,3.2200000000000006,2.5,1682824255562026500,1.1310465407406165,1.1789072994687853,0
2.8676303082728145,1.4059871936746555,3.2200000000000006,2.5,1682824255662211894,1.2555627183464202,1.1493600045467773,0
3.0704053099835065,1.382705027336077,3.380000000000001,2.5,1682824255762166023,1.2473907683529128,1.1593950698646625,0
3.207678121318103,1.3717534912496867,3.620000000000001,2.5,1682824255862034320,1.1159202673888537,1.2012283363903136,0
3.4183926833792984,1.3572754249587546,3.620000000000001,2.5,1682824255962166547,1.3130223033092772,1.1603727696383586,0
3.5616290640610644,1.35058377843724,3.780000000000001,2.5,1682824256062184333,1.2693494654069508,1.1699758613127276,0
3.7775791480582015,1.3463065919849333,3.9400000000000013,2.5,1682824256162154674,1.2891828819327762,1.1650703896515948,0
3.921575904673621,1.346997157850338,4.1800000000000015,2.5,1682824256262007713,1.1748383494274959,1.1816084660539872,0
4.137554849891356,1.3499618675800542,4.1800000000000015,2.5,1682824256362161636,1.3779341526562814,1.1508211402245363,0
4.281446594092615,1.354433105352652,4.260000000000002,2.5,1682824256462184667,1.4204623451235627,1.1457676319874557,0
4.496359482623523,1.3657743424784696,4.500000000000002,2.5,1682824256562941074,1.370816554018838,1.1342314999800156,0
4.638776449578691,1.3758432149762299,4.740000000000002,2.5,1682824256662968397,1.2674071499437258,1.1287048704045157,0
4.851304634275454,1.3926750086243824,4.900000000000002,2.5,1682824256762353897,1.3145003393522046,1.108395180054505,0
4.992479542149363,1.404217313131083,5.060000000000002,2.54,1682824256862444400,1.2870560620204607,1.1377879081883129,0
5.203487850871011,1.420316478643627,5.3000000000000025,2.58,1682824256962189912,1.2618301866801644,1.1636925988571956,0
5.3437047875208235,1.4295251590690574,5.540000000000003,2.58,1682824257062161684,1.179208151441794,1.1671007540299698,0
5.5554803383290965,1.4377319350937676,5.540000000000003,2.58,1682824257163372993,1.4223157161099582,1.142372957041356,0
5.697134369913499,1.441687626804639,5.620000000000003,2.58,1682824257262212276,1.4853924419266062,1.1409227712652628,0
5.910068023563696,1.4477419978790014,5.940000000000003,2.58,1682824257363541603,1.3803814646087489,1.1326535686521362,0
6.0526843724172545,1.4523074494254458,6.100000000000003,2.58,1682824257462773323,1.3607026572380445,1.1286847466121324,0
6.267994818504017,1.4605164016600898,6.260000000000003,2.58,1682824257562164068,1.4077094958882617,1.1195121455683212,0
6.411861724268257,1.4667058095281962,6.5000000000000036,2.58,1682824257662173509,1.3138629130037036,1.1167776458128245,0
6.62766526173699,1.4759141411876555,6.660000000000004,2.58,1682824257762186288,1.372256479638997,1.1045592419277157,0
6.771563293837478,1.4813287596840123,6.900000000000004,2.58,1682824257862192630,1.286704000570624,1.1061530101153954,0
6.987324845035183,1.4875104272555364,7.060000000000004,2.58,1682824257963265180,1.354265332348478,1.0949041714709746,0
7.130841656393774,1.4899059010514362,7.300000000000004,2.58,1682824258062202930,1.272477362685077,1.10314082952907,0
7.345686608163836,1.491359108506394,7.460000000000004,2.58,1682824258163453578,1.3351698162675345,1.0946262111721439,0
7.489127662667418,1.4921542293777341,7.6200000000000045,2.58,1682824258262568235,1.3178881461460157,1.0956897322415895,0
7.705003038362247,1.4948313603447323,7.940000000000005,2.58,1682824258362129449,1.2081696498998782,1.1103218220273985,0
7.848989059431363,1.4968377840768141,7.940000000000005,2.58,1682824258463501453,1.3497019780074118,1.0869790141979814,0
8.064884641265028,1.5033742418150948,8.100000000000005,2.58,1682824258562224864,1.379577945622411,1.0771982694036917,0
8.20871115806011,1.510429210121156,8.340000000000005,2.58,1682824258662359476,1.2774329475353856,1.077598457023753,0
8.42432184086581,1.5233813464235102,8.500000000000005,2.66,1682824258762939929,1.2989808195243975,1.1391352630078544,0
8.567940990532604,1.532371290490552,8.660000000000005,2.7,1682824258862639665,1.2753928640890004,1.1712521780107044,0
8.782220777618594,1.5446989168934493,8.980000000000006,2.7,1682824258963287591,1.185594404783861,1.1721080212305373,0
8.923724141575846,1.551471655978805,9.140000000000006,2.7,1682824259062157630,1.179026241800611,1.1687140813548778,0
9.133867849993303,1.5590934851453475,9.300000000000006,2.7,1682824259162148714,1.2433306274680493,1.1529386657162815,0
9.273196695222952,1.5628143842994453,9.460000000000006,2.7,1682824259262211322,1.2315477981308853,1.152426396448762,0
9.482063312204225,1.5669808689221107,9.700000000000006,2.7,1682824259362171888,1.2103827392253046,1.1537888677205597,0
9.621681880656624,1.5690718129983492,9.940000000000007,2.7,1682824259462059736,1.1176301807248168,1.1748723289179763,0
9.833913869561945,1.5677424090554262,9.940000000000007,2.7,1682824259563327550,1.3532160986906983,1.1372165665883223,0
9.976551233957952,1.5660816230278143,10.100000000000007,2.7,1682824259662262439,1.3325427986853822,1.140618465339108,0
10.19103019607183,1.5647323551783021,10.260000000000007,2.7,1682824259763502120,1.3780518815205318,1.137360742786956,0
10.334220436200287,1.5648763607444511,10.420000000000007,2.7,1682824259862199783,1.3546002828363297,1.138360140712258,0
10.549075871587503,1.5669732239170253,10.740000000000007,2.7,1682824259962176084,1.2407125200178213,1.1490003037993741,0
10.692277779667755,1.56982435439807,10.900000000000007,2.7,1682824260062181472,1.2164605458830817,1.1491063966106447,0
10.906665978136513,1.5760869546690803,11.060000000000008,2.7,1682824260163671970,1.2599620662896516,1.1343244049767496,0
11.048948021442182,1.5811265423149323,11.220000000000008,2.7,1682824260262267827,1.240144694906376,1.1318730466269997,0
11.260916004931373,1.5893678351577132,11.460000000000008,2.7,1682824260364048957,1.2120825048554524,1.1283342778958518,0
11.401918385754243,1.5930384330190703,11.540000000000008,2.7,1682824260462244749,1.2896833513595227,1.1155404264147453,0
11.611350757003612,1.5979582171455358,11.700000000000008,2.7,1682824260562194585,1.3368567361524133,1.1056015464175513,0
11.749549301560956,1.6012507966841338,11.940000000000008,2.7,1682824260663212060,1.2399136538287494,1.1151328532166802,0
11.956245093222355,1.6059217860042043,12.100000000000009,2.7,1682824260762192726,1.2878129610740168,1.1034820395289098,0
12.094390594422707,1.6086741355099712,12.340000000000009,2.7,1682824260862175464,1.1935013946225221,1.1186224218264822,0
12.304862124760497,1.608439032904866,12.340000000000009,2.7,1682824260962212085,1.4259151253067963,1.0921263732563242,0
12.446983017977487,1.607098344015353,12.500000000000009,2.7,1682824261062242031,1.408860334239695,1.0941868350682895,0
12.662120155369314,1.6049498813424932,12.81712038022325,2.7,1682824261162898778,1.3089371961735305,1.1059655655021954,0
12.806115691559718,1.6038222040789532,13.062652667296842,2.7,1682824261262280941,1.2075219467303933,1.125796153924268,0
13.02211394701428,1.6030740910475891,13.22357343440561,2.7,1682824261362901687,1.2545292694812489,1.1152723321194025,0
13.166113172196926,1.6035078671244714,13.457207796101958,2.7,1682824261462684631,1.1629954830982145,1.1344739210419683,0
13.382113103007722,1.603585912609229,13.30000000000001,2.7,1682824261562245130,1.5299506033738164,1.0994846123136481,0
13.525932360214666,1.6043547554578945,13.540102261056283,2.7,1682824261662235498,1.4283874415131566,1.0957368698631949,0
13.741312483157515,1.6073239131517099,13.78141250721571,2.7,1682824261762188911,1.3934678455330058,1.0934116529009374,0
13.884704848889381,1.6103233338475231,14.020042125345809,2.7,1682824261862295150,1.2968382805467764,1.0980489129159139,0
14.099551930541482,1.6160696488893422,14.1801051257888,2.7,1682824261963314533,1.3443350684420377,1.0869194189650981,0
14.242651328747257,1.6206033768816335,14.340041171174942,2.7,1682824262062865495,1.3256905602957239,1.0837812747078732,0
14.457423649207765,1.6281515806520068,14.579101147463263,2.7,1682824262162566661,1.3009516670199344,1.078732797146962,0
14.601150723123544,1.6334859087162825,14.82186899990956,2.7,1682824262262975692,1.2076393778160406,1.0891137978256094,0
14.817065037376064,1.6395299572092223,14.66000000000001,2.7,1682824262362223863,1.5847546215663424,1.0720383097737762,0
14.961024050468378,1.6429652751611517,14.978760516199252,2.7,1682824262462215423,1.4174394597976034,1.0571835184733833,0
15.176968706179395,1.6478533589512316,15.142691113171766,2.7,1682824262562267541,1.4705775100113003,1.0527048530583503,0
15.320934329072708,1.6509996888671459,15.299840095272133,2.7,1682824262662213087,1.4588248191834736,1.0492123805295372,0
15.536865745614941,1.6564348914152625,15.619995384349476,2.7,1682824262763086080,1.3555091527555674,1.046870895904366,0
15.680799924000112,1.6607847119060708,15.779976314236858,2.7,1682824262862724781,1.337144089527932,1.0439369575738469,0
15.896625557849507,1.6694275947100172,15.940009689917872,2.8600048449589304,1682824262963773727,1.3373659477963993,1.1913674377477288,0
16.040449428523605,1.6765435067265104,16.101639944601686,2.8200000000000003,1682824263063473224,1.3236493856206024,1.1450925863296855,0
16.256134776777515,1.6881978644234745,16.340013505168162,2.8200000000000003,1682824263162211418,1.301996380046128,1.134906038036637,0
16.399955445903878,1.6953778654563143,16.58000873613371,2.8200000000000003,1682824263262360334,1.2176697924138535,1.1389443062890234,0
16.615859791219354,1.7015693780080243,16.42,2.8200000000000003,1682824263362787485,1.6156086838774484,1.1354506215709455,0
16.759272938164067,1.7025608280990454,16.739997291610784,2.8200000000000003,1682824263462288618,1.4610604014107038,1.1176054104417796,0
16.972290364365065,1.6987935530965026,16.899145480308043,2.8200000000000003,1682824263562904596,1.5476301911536072,1.1235898142301224,0
17.112478582037664,1.6927940710110743,17.142493163355475,2.8200000000000003,1682824263662190437,1.4657882620372698,1.1276054635551707,0
17.319204028670633,1.6796376856926882,17.378028702793376,2.8200000000000003,1682824263762287855,1.462239746647964,1.141878518134909,0
17.45427087511279,1.668721599322478,17.53873610710313,2.8200000000000003,1682824263863406181,1.4499020083895948,1.1543727003363236,0
17.65218750566862,1.6499543823502847,17.699981081338773,2.8200000000000003,1682824263962199449,1.5031732455381785,1.1710213376606948,0
17.780736906538365,1.63623074560682,17.860015412861507,2.8200000000000003,1682824264062844276,1.4813781935276007,1.1864209747013978,0
17.969221381405692,1.6146447498852667,18.09991817846033,2.8200000000000003,1682824264162161111,1.43771528275061,1.2124202785088567,0
18.093443518865836,1.6002324973897368,18.33872859812196,2.8200000000000003,1682824264262207746,1.3222450909752936,1.244185488795687,0
18.279776962528654,1.5795002269606886,18.502844090704997,2.8200000000000003,1682824264363621950,1.3352191010865018,1.2603962196799168,0
18.405016178916405,1.5667029110454473,18.660024952010733,2.8200000000000003,1682824264462231874,1.2929388522870502,1.2789773522377286,0
18.595806310193534,1.5496187433811561,18.899981081338748,2.8200000000000003,1682824264563471317,1.223600207392519,1.306288952938712,0
18.72517709551905,1.5405394764639533,19.13673324185924,2.8200000000000003,1682824264662193059,1.0919367660404302,1.344022951023353,0
18.92308796711517,1.529553808883456,18.979999999999947,2.8200000000000003,1682824264762239694,1.4232925768667346,1.2917005657869298,0
19.056358601105785,1.5274843931558455,19.300006828599468,2.8200000000000003,1682824264862089157,1.1826401605334549,1.31527983817001,0
19.25842252154954,1.5331580970421228,19.139999999999944,2.8200000000000003,1682824264962244749,1.47770166479973,1.2922793725887667,0
19.393455409870313,1.5450537488601541,19.379317385498275,2.8200000000000003,1682824265062585830,1.3065134228915343,1.2750246378124197,0
19.5956234468134,1.5750791899755467,19.703454907261875,2.8200000000000003,1682824265162074565,1.1211345020842094,1.2495821089845969,0
19.7318589158228,1.5988009453181677,19.539999999999935,2.8200000000000003,1682824265262291908,1.4032135554514937,1.2361783749671917,0
19.937446906451637,1.6367267570761725,19.858312960603843,2.8200000000000003,1682824265363345384,1.2970486334954883,1.1859164172929362,0
20.075614581078426,1.662247203926959,20.02131841515368,2.940659207576878,1682824265463103294,1.245778500461501,1.2795645058809377,0
20.28691555953973,1.6957386278587052,19.939999999999927,2.9000000000000004,1682824265562233686,1.5931485413950235,1.2532341592385874,0
20.42937665803021,1.7145069713668353,20.260811051603625,2.9000000000000004,1682824265662222385,1.447314565946674,1.197417255850189,0
20.643912820513357,1.7395994598558102,20.422805572503723,2.9000000000000004,1682824265763628244,1.522576611723534,1.1812780488476546,0
20.78707682437273,1.7550924916606245,20.580271455865407,2.9000000000000004,1682824265862288475,1.5194700653418696,1.1634352853061174,0
21.001892446821742,1.7776811601225426,20.82088622938234,2.9000000000000004,1682824265962903976,1.50301530495406,1.1368213707947274,0
21.145066211771503,1.7930844462587359,21.059987755758762,2.9000000000000004,1682824266062377214,1.412784118463702,1.1101803397609968,0
21.35964317526377,1.8178330633690138,21.220209280645427,3.060104640322764,1682824266162306547,1.416701623100296,1.2500721906656418,0
21.502477919770833,1.8344890763346078,21.460194939367792,3.0200000000000005,1682824266262794256,1.3397666803805042,1.1862647261727612,0
21.714870216799824,1.8583517011402222,21.620058347991375,3.0200000000000005,1682824266362206697,1.4035592127060783,1.165511072753394,0
21.854277651672604,1.873111480428419,21.85734878633509,3.0200000000000005,1682824266462309122,1.3209933241773315,1.146892631501837,0
22.059166671472774,1.8937357814981957,22.09647468755817,3.2182373437791463,1682824266562196731,1.2513952329167974,1.3250268965379184,0
22.192965990699413,1.906230719643516,22.25743830336289,3.1400000000000006,1682824266662202358,1.2522504182864371,1.2354526766540008,0
22.39157494283877,1.923287131753412,22.416756123426097,3.1400000000000006,1682824266763811826,1.3041854754517965,1.2169734161486898,0
22.523780767384658,1.9338634124796552,22.58143968822908,3.1400000000000006,1682824266862243413,1.280247647134471,1.2075139829037869,0
22.72337038467313,1.9488482062675538,22.900944106290485,3.1400000000000006,1682824266963406324,1.174469083220336,1.2043151673549009,0
22.859076056910894,1.9569073308388623,22.739999999999867,3.1400000000000006,1682824267062845230,1.4849381068374299,1.1890699605794037,0
23.066287194613455,1.968283940289895,23.06159421130876,3.1400000000000006,1682824267162197589,1.376859428461573,1.1717254578931335,0
23.207068170860186,1.975772294269142,23.300610920578553,3.1400000000000006,1682824267262207508,1.285146933606798,1.1679796217469771,0
23.42220515748346,1.9868931016438336,23.46232317395417,3.1400000000000006,1682824267362193584,1.3417443067775003,1.1538045650291577,0
23.566027927250904,1.9940352384404303,23.617337719138707,3.1400000000000006,1682824267462204456,1.3344044003126112,1.1471128669315207,0
23.781780845551886,2.004362729626273,23.857490953679918,3.1400000000000006,1682824267563628196,1.3160118535407401,1.1381581745674232,0
23.92562689554264,2.011019595359574,24.104206819432896,3.1400000000000006,1682824267662333011,1.2198138277606878,1.1430168604525093,0
24.14140867642826,2.0207256649734426,24.25784471401758,3.1400000000000006,1682824267763569831,1.2841655023510383,1.1253143507032357,0
24.285270486860405,2.0270325225127968,24.423374327326115,3.1400000000000006,1682824267862518072,1.2660304311867236,1.1215031327176967,0
24.501072771030938,2.0362721928926404,24.660361456204946,3.1400000000000006,1682824267962331056,1.249362305971739,1.1151627492911007,0
24.64498998040788,2.041141432206161,24.579999999999828,3.1400000000000006,1682824268063030958,1.478434957409802,1.100778746873034,0
24.859216613713144,2.047637820163792,24.90271478120644,3.1400000000000006,1682824268162356138,1.3771752536137358,1.093227891389434,0
25.000997796242213,2.0515000771596186,25.139986802236,3.1400000000000006,1682824268262367248,1.2893667628370011,1.097337699074746,0
25.212752762896955,2.0562929316190037,25.302587646424445,3.1400000000000006,1682824268362248897,1.3440391064993311,1.0874241657960946,0
25.353576991787182,2.058612904032395,25.460011597520076,3.1400000000000006,1682824268463194608,1.3341128319805597,1.0866123396238274,0
25.56466476155337,2.0604988436394236,25.700008736133515,3.1400000000000006,1682824268563712596,1.3161960766219878,1.0879525440197169,0
25.705634738468053,2.0608030869818186,25.938913713673216,3.1400000000000006,1682824268662295341,1.226394577212319,1.104121848955424,0
25.91843647740491,2.060706284200592,26.100012551338324,3.1400000000000006,1682824268762220382,1.2781115518223523,1.094460961199241,0
26.06166590057775,2.0606821109469347,26.26004212534559,3.1400000000000006,1682824268862215518,1.2609782390958268,1.0973970257764991,0
26.277664912464804,2.061283480858223,26.577199510426638,3.1400000000000006,1682824268962042331,1.1600697751079856,1.119531287658148,0
26.421664713175762,2.0611212823627603,26.41999999999979,3.1400000000000006,1682824269062876939,1.4575162871079397,1.0788800019652482,0
26.637662814099173,2.06190537054839,26.74001255133831,3.1400000000000006,1682824269162859678,1.3480020873740406,1.0829420569750379,0
26.78165636911201,2.063258494058455,26.898534549942788,3.1400000000000006,1682824269262801647,1.3299061429766483,1.0830663782850891,0
26.997634159101004,2.0663420746857097,27.0597782542184,3.1400000000000006,1682824269363693475,1.378201559910273,1.0754548940556026,0
27.141610447732692,2.068952671168469,27.38111605305781,3.1400000000000006,1682824269462527513,1.205760240947667,1.0974995742957305,0
27.35759469250561,2.071518795966916,27.21999999999977,3.1400000000000006,1682824269562250852,1.5798002829013538,1.0773042201614949,0
27.501583487353464,2.073308509037067,27.541484362629856,3.1400000000000006,1682824269662250995,1.4037736554119655,1.0674375001565892,0
27.717548469429133,2.0771759334657833,27.700001106269617,3.1400000000000006,1682824269762242555,1.4533074234669257,1.062968911284889,0
27.861507898870467,2.0805882131727977,27.857091876075085,3.1400000000000006,1682824269863286733,1.4366293505600927,1.0594209906008736,0
28.07740478081103,2.0872445793582695,28.09726766303209,3.1400000000000006,1682824269963462114,1.4065406168081356,1.0529427856159497,0
28.221299540041766,2.0927429625271707,28.344222892730603,3.1400000000000006,1682824270062446117,1.3039335803422185,1.0544465150839242,0
28.437050961700013,2.10308355450128,28.499427145359803,3.29971357268003,1682824270162462234,1.3094763192463337,1.1982546426759364,0
28.580841241466164,2.1108517756797016,28.662133951825016,3.2600000000000007,1682824270262652397,1.298879631923799,1.1520200285654691,0
28.7964925585084,2.12311891222275,28.899973454111773,3.2600000000000007,1682824270362181425,1.277557430257543,1.141580879088495,0
28.940107989499747,2.1315300213649375,29.1372252909511,3.2600000000000007,1682824270462198257,1.1895855880158333,1.1455565124480256,0
29.155606760356186,2.142312608902025,28.979999999999734,3.2600000000000007,1682824270564029455,1.564533295186333,1.131398620514577,0
29.297989282979888,2.1490287819345895,29.299644271049885,3.2600000000000007,1682824270662247419,1.393590324907617,1.110972450763409,0
29.508985086769684,2.159426427860793,29.45664726691265,3.2600000000000007,1682824270763251304,1.4453535022904345,1.1018173328998975,0
29.648069118861578,2.166641825189737,29.620006828599248,3.2600000000000007,1682824270862317323,1.4216791630315329,1.093718240937399,0
29.854475313466956,2.17791262479486,29.942421390322274,3.2600000000000007,1682824270963793516,1.310274177299342,1.085655378106972,0
29.99084144436272,2.1860946096368434,30.1000316300917,3.420015815045995,1682824271063123464,1.244273926767692,1.2387429264451535,0
30.19386196740837,2.199214791359081,30.259693657120128,3.3400000000000007,1682824271162210464,1.302633482809917,1.1426831160143271,0
30.32884422925976,2.2088365216551007,30.417220686665825,3.3400000000000007,1682824271262356281,1.2777319722331155,1.1346105997058986,0
30.53174014632606,2.2250759165992133,30.662647739652268,3.3400000000000007,1682824271362176179,1.231452121119548,1.1225829634096294,0
30.653526440962512,2.2499083897622785,30.5799999999997,3.3400000000000007,1682824271462044954,1.2705798003906037,1.0925684675256413,0
30.80992502329584,2.3140856786427104,30.5799999999997,3.3400000000000007,1682824271563829660,1.2280908677524986,1.051363738724006,0
30.901622215340247,2.370928573557775,30.5799999999997,3.3400000000000007,1682824271662080049,1.2250202222986508,1.021048617327956,0
31.025874634938454,2.473038360096958,30.5799999999997,3.3400000000000007,1682824271763239860,1.2554815172612181,0.9748982896410991,0
31.101864871207,2.5510141460392255,30.5799999999997,3.3400000000000007,1682824271862353801,1.2930980904496647,0.945960687106195,0
31.198878792931076,2.685444007153782,30.780065934118074,3.740131868236755,1682824271962073802,0.8982167225175918,1.1347998480009134,0
31.25834188429172,2.7826114310738386,30.699999999999697,3.580000000000001,1682824272062056779,1.1465002226281975,0.9734342245929513,0
31.344704713952755,2.937195731975284,30.699999999999697,3.580000000000001,1682824272162204980,1.2731632537387958,0.9104073237755098,0
31.395189568513132,3.0477010729509595,30.699999999999697,3.8252581700875443,1682824272262052297,1.083074157629931,1.0430165748814195,0
31.465732596584296,3.2232984717803825,30.699999999999697,3.740000000000001,1682824272362912654,1.3116464992113364,0.9237569370438745,0
31.506581557954714,3.346810580045469,30.699999999999697,4.0599591550219,1682824272462521791,1.0666444732641986,1.076640469062935,0
31.562431962484332,3.541132582067948,30.699999999999697,3.9000000000000012,1682824272564191341,1.3839058786291,0.9341170770135391,0
31.594415247620194,3.6757587479220404,30.699999999999697,4.222590600791042,1682824272663042306,1.1580421968967578,1.048333778187167,0
31.63797963843823,3.8834821287117043,30.699999999999697,4.060000000000001,1682824272762231111,1.498585251766436,0.9544445300851357,0
31.663572285132393,4.024327654525619,30.699999999999697,4.296746969997782,1682824272862261056,1.377619813933783,1.0013410168959256,0
31.696975651168383,4.23717276425123,30.699999999999697,4.620067892260632,1682824272963583946,1.2394793959550665,1.0679743105883037,0
31.716946461678905,4.379380091997233,30.699999999999697,4.77774175608495,1682824273062218427,1.2109826136553716,1.09218685275762,0
31.744515750405775,4.5929027321366345,30.699999999999697,4.9419393085308565,1682824273163344621,1.2434336830511687,1.101290009265212,0
31.761499114488743,4.735853734665547,30.699999999999697,5.182599464534499,1682824273262029409,1.1361353822781415,1.1516779572507108,0
31.787443722332497,4.95028983268041,30.699999999999697,5.020000000000002,1682824273363210439,1.512193196660079,1.0896758034703449,0
31.803841034944835,5.093352808961277,30.699999999999697,5.34144551392314,1682824273462184190,1.3228894138816756,1.1313774881462182,0
31.826087305640158,5.308202887157685,30.699999999999697,5.579976314236848,1682824273562176704,1.2831158222791657,1.1584184976039296,0
31.839604940966677,5.451566858873714,30.699999999999697,5.7400020599630475,1682824273662199258,1.2579850122888512,1.175539997917466,0
31.858676472501042,5.6667230425538,30.699999999999697,5.896453711787851,1682824273762176513,1.3078115161753663,1.1812312848527524,0
31.87094127136547,5.810199768543309,30.699999999999697,6.0575436392234225,1682824273862164497,1.2870816497204776,1.1967800346557902,0
31.889135432665523,6.02543213460637,30.699999999999697,6.295980066939386,1682824273963137626,1.2620107956756907,1.2195241944754558,0
31.90131739368714,6.168915929159436,30.699999999999697,6.542552202400421,1682824274062346696,1.1586935387016941,1.2580808976601634,0
31.921823141594704,6.383939251841545,30.699999999999697,6.3800000000000034,1682824274162909269,1.5514347521478058,1.2218294918040578,0
31.93567929634362,6.52727101416479,30.699999999999697,6.700163397593097,1682824274262230873,1.3703391016121877,1.2477159531161444,0
31.95560958586171,6.7423491518077245,30.699999999999697,6.863821002203117,1682824274362163305,1.4143488711701409,1.2614716970852147,0
31.968051265467125,6.885810555834957,30.699999999999697,7.1000049211108305,1682824274462169408,1.315526853490843,1.2860144781336944,0
31.985339755630008,7.100874456765462,30.699999999999697,7.263021113425607,1682824274562201738,1.3572570197344898,1.2955268525468122,0
31.99584377746878,7.243790917117329,30.699999999999697,7.502724644920381,1682824274662233591,1.253224281228237,1.3214604689506722,0
32.00996731417207,7.456672452066543,30.699999999999697,7.660011597520271,1682824274763243675,1.2977088209648802,1.3256549974536511,0
32.0182839477013,7.597190883889158,30.699999999999697,7.820003967383534,1682824274862231254,1.2706183387134236,1.3369810159250548,0
32.029067946047505,7.8053116790987875,30.699999999999697,8.05994485848776,1682824274962271928,1.2269142128159378,1.3532404299522958,0
32.03510928822535,7.942027583742306,30.699999999999697,8.299996337974447,1682824275062059164,1.1153356011038553,1.3822656909989912,0
32.04584007527621,8.145897570936578,30.699999999999697,8.140000000000004,1682824275162228822,1.4986433495199019,1.3458529970109077,0
32.05326492673398,8.281364147123865,30.699999999999697,8.381041626521569,1682824275262280941,1.3892754761093502,1.3569309348040617,0
32.06427693005437,8.484714242678484,30.699999999999697,8.53886480875417,1682824275362191915,1.4353690686996396,1.3653511730268213,0
32.07203157971809,8.621146720699699,30.699999999999697,8.862781878051004,1682824275462232589,1.2522412660255948,1.3931468712999167,0
32.08498077884245,8.828159224625017,30.699999999999697,9.017081764186115,1682824275562705993,1.3161682002827932,1.3978066689346178,0
32.094410614519134,8.967856815602188,30.699999999999697,9.262655624026715,1682824275662274122,1.2144645917926011,1.425232366785499,0
32.1085301941632,9.178949069669601,30.699999999999697,9.420957616894725,1682824275763050317,1.2647667739187203,1.4291694947767017,0
32.11728386226926,9.320193322541714,30.699999999999697,9.657338641345765,1682824275863153696,1.1637158608565883,1.4568323555719156,0
32.13072826511403,9.533215278879007,30.699999999999697,9.500000000000005,1682824275962199449,1.5371336289838309,1.4311137702321495,0
32.13850841931256,9.675067274745825,30.699999999999697,9.822326118717049,1682824276062192678,1.3417447325979979,1.446026154522015,0
32.14722583846118,9.88728265345671,30.699999999999697,9.986475730250678,1682824276162166595,1.368259218781399,1.4506212096872158,0
32.151756616384276,10.029096939871776,30.699999999999697,10.13771951256772,1682824276262208700,1.3507260636862315,1.4558145955153377,0
32.15757818135651,10.243426158303896,30.699999999999697,10.452449983814274,1682824276363219261,1.2451460657880196,1.4724894276015823,0
32.16126187659554,10.387379033880343,30.699999999999697,10.61949440060843,1682824276462277173,1.2207016191134559,1.4795823111485602,0
32.16705079538708,10.603301389204299,30.699999999999697,10.77806592433388,1682824276563154935,1.281396842162347,1.4774236626593609,0
32.171112064448636,10.747244106647118,30.699999999999697,10.93990293672636,1682824276662791013,1.2647710501873974,1.4836738627389512,0
32.1767437736941,10.963170509835118,30.699999999999697,11.182130034789338,1682824276762233257,1.2333491756682011,1.492888290098546,0
32.17985726730207,11.10713673540354,30.699999999999697,11.420846704096743,1682824276862108945,1.1329987954664698,1.5127430304070593,0
32.18487916822778,11.323078326276136,30.699999999999697,11.260000000000007,1682824276962195158,1.5138045058783591,1.4862183619789933,0
32.18731592542519,11.467018377310318,30.699999999999697,11.503550512398716,1682824277062308311,1.4017641564631715,1.487764517293783,0
32.18931641739437,11.6823823887446,30.699999999999697,11.73482135375814,1682824277163039207,1.3753413540276336,1.4902393217778827,0
32.19054339710858,11.825296449731606,30.699999999999697,11.979982034793291,1682824277262648582,1.2756864324133879,1.4985483805639228,0
32.193813960549456,12.038221141737317,30.699999999999697,12.141544615088351,1682824277364037990,1.3423695243183824,1.4973830134199722,0
32.19764600043901,12.179018260248045,30.699999999999697,12.302453827812013,1682824277462490558,1.3389221171762635,1.502724153652859,0
32.20690725922141,12.388189860654292,30.699999999999697,12.543519627682588,1682824277562178850,1.3403465604447342,1.5148916873559506,0
32.21533398554193,12.526434045826546,30.699999999999697,12.779983941736356,1682824277662241458,1.2627130271284184,1.536399895032276,0
32.230129315729414,12.732749153279881,30.699999999999697,12.938503658565397,1682824277762190103,1.3290808485124985,1.5439011105963938,0
32.2406959503544,12.870018196868333,30.699999999999697,13.183615308566734,1682824277864092826,1.2291905009602109,1.5722872383584878,0
32.25667563759775,13.07605910828634,30.699999999999697,13.337254764764129,1682824277963034391,1.2829800972013632,1.5784366352990458,0
32.26698330219417,13.213767864180259,30.699999999999697,13.497370925399393,1682824278062686204,1.2582569808350883,1.5924406945595047,0
32.281450686592976,13.421018159223312,30.699999999999697,13.738583251708807,1682824278163300514,1.218458450397322,1.6130201059167466,0
32.29035956479939,13.55952081580443,30.699999999999697,13.980023044089954,1682824278262299537,1.1129090112855051,1.645012361455972,0
32.30508016806021,13.768697113393175,30.699999999999697,13.82000000000001,1682824278362169027,1.4917751051845678,1.6058998511972502,0
32.31454045032598,13.908437096684377,30.699999999999697,14.060025905988265,1682824278462209939,1.3848359778164052,1.6216411541540134,0
32.3269876187604,14.117770427390537,30.699999999999697,14.301607831285416,1682824278562752723,1.3401408957053598,1.6373408022374039,0
32.33420233972629,14.257210776070993,30.699999999999697,14.540095577079068,1682824278663817882,1.2358500858398853,1.6585056821757487,0
32.34378040259146,14.466503967211967,30.699999999999697,14.693456579353565,1682824278764062404,1.2810915805660068,1.65937382771413,0
32.349439026618484,14.606319484399824,30.699999999999697,14.939951529885663,1682824278862179994,1.1723482533648386,1.6828426677227417,0
32.359225029131316,14.817845313458879,30.699999999999697,14.78000000000001,1682824278963337182,1.551686588845865,1.6596565804550114,0
32.36571225036616,14.959589324564515,30.699999999999697,15.10162923874496,1682824279063349485,1.3708663128769552,1.6717573502878007,0
32.374590965262385,15.172737446203723,30.699999999999697,15.346592477022098,1682824279162239789,1.3339286957147831,1.6835915397388639,0
32.3799605699835,15.315178063041492,30.699999999999697,15.500038308730606,1682824279262260198,1.3198426661430094,1.6901008334228322,0
32.38738552022361,15.529245841350592,30.699999999999697,15.661412507215712,1682824279363183498,1.3669101188434365,1.692553668699231,0
32.391962520202995,15.672199914127546,30.699999999999697,15.819687007215911,1682824279462701559,1.349800196526671,1.6983785244757277,0
32.39836368267831,15.886940715408091,30.699999999999697,16.139956295510625,1682824279562387943,1.244984898649568,1.7171068931246756,0
32.402544430298754,16.030491000206833,30.699999999999697,16.299776352175808,1682824279663208484,1.2310230704904104,1.7237088321196805,0
32.409514373342475,16.24637825051138,30.699999999999697,16.456964194202918,1682824279763547658,1.2977462265967925,1.7224360169091928,0
32.414957767727245,16.39027516590173,30.699999999999697,16.69734694169436,1682824279862945556,1.21538602521123,1.7422322521918514,0
32.426467230957904,16.605965157079517,30.699999999999697,16.54,1682824279962750434,1.6124839283529722,1.7277269753988977,0
32.435728469303946,16.749666828181294,30.699999999999697,16.784289228358787,1682824280062177181,1.5281091244869243,1.7360737397205572,0
32.45096942452801,16.965128321062828,30.699999999999697,17.101037762086722,1682824280163153171,1.4453080953436386,1.7562361178931618,0
32.46131711838744,17.108756052434437,30.699999999999697,17.25380212108883,1682824280262340307,1.4400808314261204,1.7672793648876801,0
32.47638769639186,17.324229562476475,30.858621394847216,17.417242789695027,1682824280362788915,1.4468954861385461,1.6204379861170402,0
32.48538799172808,17.467947644623,30.819999999999695,17.57968795716833,1682824280462207794,1.4259450502931286,1.6691324274726793,0
32.49625779260496,17.6835959838205,30.819999999999695,17.819986802236155,1682824280563493490,1.3793313864599552,1.6817974439919812,0
32.50175976083247,17.827208402028706,30.819999999999695,18.058649796690275,1682824280662695884,1.2740248684693762,1.6976103829557616,0
32.50825024933241,18.04253542840948,30.819999999999695,18.21997536085051,1682824280762160062,1.3134089882124604,1.6975493612842785,0
32.511946638427304,18.186083798496547,30.819999999999695,18.462997356196865,1682824280862303733,1.2133539998830236,1.7144575077046191,0
32.51708133481244,18.401597131095244,30.819999999999695,18.624892720861904,1682824280962168693,1.2640343549345168,1.7117084966135572,0
32.52057760339849,18.54544790838014,30.819999999999695,18.777517754201433,1682824281062174797,1.2582000951974635,1.716339301688661,0
32.526059618279916,18.761378324198915,30.819999999999695,19.102825323150963,1682824281162574529,1.155953778517728,1.7398923743208412,0
32.53062548183338,18.905305703165965,30.819999999999695,18.939999999999948,1682824281262174606,1.467044200744126,1.7109772743468983,0
32.53737489356535,19.121200115505996,30.819999999999695,19.25858137801061,1682824281362215518,1.3632118681307452,1.7228610322185032,0
32.54137086644998,19.26512761531681,30.819999999999695,19.419851517316882,1682824281463193416,1.3424372774813351,1.7283104888051615,0
32.54649348980528,19.480923497519655,30.819999999999695,19.658159986802033,1682824281562160968,1.3132008916898485,1.735566922787539,0
32.549284975235445,19.624645638865005,30.819999999999695,19.90347182919321,1682824281662118434,1.210321210813315,1.7516194135682126,0
32.552563162143265,19.83980534426638,30.819999999999695,20.061461051162603,1682824281763381719,1.2578548160476888,1.7466843914160886,0
32.55421897026645,19.982829067222696,30.819999999999695,20.300035446388566,1682824281862056016,1.1616925392072952,1.7629904491563753,0
32.55776713800542,20.19775010044974,30.819999999999695,20.139999999999922,1682824281963035345,1.5383896027167183,1.7387264592323206,0
32.56000732257348,20.34062774057878,30.819999999999695,20.38007743766801,1682824282062193870,1.4378749631865368,1.7404544697322122,0
32.562374775897744,20.55385074875924,30.819999999999695,20.62088140818556,1682824282163544654,1.4026701044460967,1.743663662805676,0
32.563284780346684,20.6955935584805,30.819999999999695,20.860045942142953,1682824282263199090,1.3018893356308507,1.7510243892880861,0
32.563716645345465,20.908038431814862,30.819999999999695,21.01996201463533,1682824282362196445,1.3438909268120052,1.7473049612609923,0
32.56345445882524,21.04974466237901,30.819999999999695,21.177080844987906,1682824282462153434,1.323699453292008,1.7480983820712392,0
32.562171887664434,21.26276668861717,30.819999999999695,21.421186676834473,1682824282562155723,1.2848380086048128,1.7493598197157985,0
32.560593435654134,21.40533126543975,30.819999999999695,21.659520939408957,1682824282662137031,1.1831759627232803,1.7590559680112217,0
32.556134378250455,21.620712270393785,30.819999999999695,21.820062165562444,1682824282763309478,1.2132423787884932,1.7475419766197062,0
32.551409333495045,21.764634237170185,30.819999999999695,21.98000682859941,1682824282862043857,1.1787259105250951,1.7447531725873868,0
32.54299727986197,21.980469849387692,30.819999999999695,21.899999999999885,1682824282963220834,1.456131837634984,1.7248753645041432,0
32.53535463767354,22.124265876082653,30.819999999999695,22.22004307952792,1682824283063323736,1.255757619298064,1.718026427529266,0
32.52063436739852,22.33976222014516,30.819999999999695,22.381581566243177,1682824283162257909,1.280193224113419,1.7011484677376263,0
32.50987091530793,22.483359393111655,30.819999999999695,22.61217947095693,1682824283262019157,1.1885680162616954,1.6947738264620298,0
32.495461858889854,22.698876960094818,30.819999999999695,22.459999999999873,1682824283362159252,1.5718851045639282,1.692404987779187,0
32.486990195386404,22.842627372514833,30.819999999999695,22.7021858704254,1682824283462212562,1.4815855315632347,1.6728957310677066,0
32.47646460758679,23.058369014490793,30.819999999999695,23.023061714715997,1682824283563330888,1.39785384884557,1.6568408498120941,0
32.47112162283773,23.20226955146475,30.819999999999695,23.182201550499872,1682824283663526296,1.3965912712434527,1.651243573209606,0
32.46535095789796,23.418191453772234,30.819999999999695,23.340061211152573,1682824283762253522,1.4728339078243287,1.6472049385151044,0
32.46283193026643,23.562169130477365,30.819999999999695,23.500403618762924,1682824283863484859,1.468546022891942,1.6439926184570544,0
32.46084192485228,23.77815931844918,30.819999999999695,23.74030016840028,1682824283962244510,1.459498065044709,1.6412786288733454,0
32.46063258227971,23.92211318460421,30.819999999999695,23.98341808928349,1682824284062251091,1.3714439773816633,1.6417775614791787,0
32.46219417860719,24.13708374539425,30.819999999999695,24.141919772232214,1682824284162955284,1.4462720489478007,1.6422012992955304,0
32.46495704208934,24.2792878453017,30.819999999999695,24.38112378963021,1682824284262648582,1.3686590124635556,1.648106255639359,0
32.47224629453486,24.49035149088928,30.819999999999695,24.542394860191724,1682824284362253427,1.4501826936898843,1.653065736773206,0
32.47947156177211,24.629281806744288,30.819999999999695,24.700128047339927,1682824284463519573,1.456696424444899,1.6609831588965338,0
32.494230383868256,24.8345976760909,30.819999999999695,24.940964373047244,1682824284563054323,1.4657965925380432,1.6776058096257516,0
32.50608501210282,24.97019814827242,30.819999999999695,25.1766838404649,1682824284662357807,1.3875207281833295,1.6986815502380108,0
32.52411176500633,25.175434394482245,30.819999999999695,25.339889602592017,1682824284762252330,1.426325291476565,1.7120287448254083,0
32.53489505367793,25.315374643832687,30.819999999999695,25.500006828599336,1682824284862277984,1.3913739084184862,1.724805522017418,0
32.5472647796994,25.530475134316745,30.819999999999695,25.657826153113284,1682824284962234735,1.4065454351945466,1.7319532040963395,0
32.5519510890546,25.67439659350802,30.819999999999695,25.98227803430099,1682824285063208103,1.1981356816730597,1.7591036230032662,0
32.555281218691775,25.89036900045867,30.819999999999695,25.8199999999998,1682824285163343429,1.5363232078571125,1.7367074319444398,0
32.55529183246197,26.034368327252484,30.819999999999695,26.06001827448669,1682824285262197017,1.4201397872402837,1.7354813924682087,0
32.552708069040364,26.250351891316658,30.819999999999695,26.30001350516795,1682824285363317012,1.3749319841105294,1.7334196054068842,0
32.54991664893096,26.394324760931312,30.819999999999695,26.53994485848754,1682824285463090896,1.272300964387953,1.7360347994962153,0
32.53945051593745,26.604741276399377,30.819999999999695,26.699990616394867,1682824285562041044,1.167854218594896,1.7220866742206098,0
32.51138672944475,26.723781306541962,30.819999999999695,26.619999999999784,1682824285664221286,1.0845274101702531,1.694567681779175,0
32.44307044492955,26.874420458781543,30.819999999999695,26.619999999999784,1682824285762030363,0.8697831066969091,1.6428899655946316,0
32.38468641601516,26.960703411815103,30.819999999999695,26.619999999999784,1682824285862285137,0.7769010115238579,1.601350178844687,0
32.28328322053327,27.074824241437952,30.819999999999695,26.619999999999784,1682824285962067365,0.7204616806349888,1.532339020613558,0
32.20845573541048,27.143196388886967,30.819999999999695,26.619999999999784,1682824286062043905,0.7257650511212078,1.4837600178397101,0
32.08690730804222,27.237565147250905,30.819999999999695,26.619999999999784,1682824286163974285,0.7752875421185357,1.4094115219732166,0
31.999540033975858,27.296679194410178,30.819999999999695,26.619999999999784,1682824286262310504,0.8266898816001039,1.3598563982643124,0
31.858227163683942,27.381236146696555,30.819999999999695,26.619999999999784,1682824286362043619,0.9211132511444006,1.2873989725215662,0
31.75667631050457,27.43518351786937,30.819999999999695,26.619999999999784,1682824286462115526,0.9925800444473346,1.2417272963365416,0
31.592715798522317,27.512305355549977,30.819999999999695,26.619999999999784,1682824286562298774,1.1104358571922608,1.180380681318535,0
31.476006352692423,27.560689995334577,30.819999999999695,26.619999999999784,1682824286662073135,1.1956125837809133,1.1468400071920184,0
31.292124599576496,27.627538762339178,30.819999999999695,26.619999999999784,1682824286763766765,1.332027466080179,1.1126706588842685,0
31.165267879670225,27.665689528773854,30.58140456817373,26.619999999999784,1682824286862102508,1.1684185371368339,1.1976489289851957,0
30.97064931348919,27.716988963754016,30.659999999999698,26.619999999999784,1682824286963515996,1.4079755158838785,1.1401262134387034,0
30.83944779400065,27.746149418414213,30.34000461565024,26.619999999999784,1682824287062511920,1.178970229542945,1.2319318166992506,0
30.64149460556653,27.785681685231935,30.4999999999997,26.619999999999784,1682824287163960456,1.5164254495268006,1.174237844173905,0
30.509778976630127,27.808793638570307,30.182876860761574,26.619999999999784,1682824287262252569,1.3047386999198025,1.2329214526745327,0
30.313903085975785,27.83873445262418,30.021337075171417,26.619999999999784,1682824287363701105,1.311070204857435,1.2533589017881783,0
30.18481232254773,27.856502212152268,29.856241958980206,26.619999999999784,1682824287462266683,1.2627386504005782,1.2794124450203233,0
29.99391089515063,27.881184459479776,29.540012244240863,26.619999999999784,1682824287562052011,1.1280631675642094,1.3403768970448373,0
29.867586318133377,27.898747333508606,29.69999999999972,26.619999999999784,1682824287662237405,1.433424436222519,1.2896820991940288,0
29.6789209665585,27.922629338485603,29.38278760036752,26.619999999999784,1682824287763283967,1.2758629835126083,1.3358660726493512,0
29.55313557272325,27.93560923643707,29.21200629830562,26.619999999999784,1682824287862671613,1.2052619759679755,1.3591161999122063,0
29.361839616846748,27.954171653702193,29.299999999999727,26.619999999999784,1682824287962252378,1.4798706622312596,1.335604035541525,0
29.232752987132468,27.963548390425057,28.97938235234256,26.619999999999784,1682824288062210798,1.2504023061606313,1.3672303960884504,0
29.03703183362422,27.971345785289625,28.816606778340212,26.619999999999784,1682824288162179231,1.2337175748574232,1.3692051111566788,0
28.905053752247078,27.973234571850334,28.58243694142619,26.619999999999784,1682824288262076377,1.1067402564164914,1.3911597367217683,0
28.7031105729298,27.975744882359137,28.73999999999974,26.619999999999784,1682824288362649917,1.4695102688925967,1.3562466648339175,0
28.566587733205107,27.97617520027817,28.419996986332144,26.619999999999784,1682824288463095188,1.2692842861484002,1.364074785676685,0
28.359727578734308,27.974346828882908,28.26255523270452,26.619999999999784,1682824288563388109,1.3012680236501675,1.3578283388332655,0
28.220520448841395,27.971849734200212,28.02027403546328,26.619999999999784,1682824288662566423,1.1895110112504628,1.366600281694895,0
28.009027649199748,27.96873245067158,28.17999999999975,26.619999999999784,1682824288762162685,1.5685070014107279,1.3595259351087166,0
27.867368783002483,27.966307121013102,27.940601255306902,26.619999999999784,1682824288862200498,1.464357006715183,1.348297392673807,0
27.655070883486207,27.961389803045257,27.699180277622773,26.619999999999784,1682824288962367057,1.425901281549663,1.3421148394848588,0
27.51385747048575,27.95741661430442,27.460306342879345,26.619999999999784,1682824289062590837,1.3241519533524786,1.3384882978517199,0
27.302358535828485,27.95046407061428,27.302175702736637,26.619999999999784,1682824289163152694,1.370473455162115,1.3304640831770076,0
27.16119913138721,27.945250635090893,27.05746452968401,26.619999999999784,1682824289262648344,1.2639069885208412,1.329304371993077,0
26.948645792057306,27.936651218978454,26.89738674549882,26.619999999999784,1682824289363138198,1.3120429056580372,1.317648633852023,0
26.806110915230146,27.930408090210253,26.738185642379417,26.619999999999784,1682824289463020563,1.2927118097104102,1.3121673695001317,0
26.59081986539975,27.920384184286032,26.42007610514003,26.619999999999784,1682824289562052249,1.1883286033605966,1.3115458277961314,0
26.446942092114668,27.914459465338563,26.579999999999785,26.619999999999784,1682824289662239789,1.50096800737689,1.301280029146656,0
26.231089861861623,27.906478689339224,26.261558088087526,26.619999999999784,1682824289762245178,1.4056286899198345,1.2868394347912544,0
26.087191277973105,27.901897086161036,26.097256610728284,26.619999999999784,1682824289863353252,1.391366023862069,1.2819366015650613,0
25.871858656189875,27.896686746318966,25.77803430998677,26.619999999999784,1682824289963043212,1.301536853665554,1.2801297028690102,0
25.728966288624623,27.894610346264265,25.620012244240947,26.619999999999784,1682824290062223434,1.2971738782164353,1.2792585815979585,0
25.515280746846607,27.893495730903254,25.460019872104127,26.619999999999784,1682824290163600444,1.363381743514445,1.2746941362172601,0
25.37233006099291,27.893551334727142,25.21804603615108,26.619999999999784,1682824290262264251,1.2689927614501235,1.282862643663471,0
25.15648930319493,27.894139034696806,25.067033121730326,26.619999999999784,1682824290362234115,1.3356364637046556,1.2772754942223261,0
25.012489704176975,27.894471209973545,24.903206336337384,26.619999999999784,1682824290462211847,1.314662801610541,1.2791480444179815,0
24.796489956059776,27.894379815214062,24.581405505172373,26.619999999999784,1682824290562215566,1.2046217361583562,1.292402891686301,0
24.652489996471225,27.894308496662337,24.411392177479463,26.619999999999784,1682824290662041187,1.1815114698484288,1.296915688465892,0
24.43652711139669,27.89799361189861,24.579999999999828,26.619999999999784,1682824290762378215,1.5970764658802816,1.2860218278934203,0
24.292626553544924,27.903314692637384,24.340273085047347,26.619999999999784,1682824290862196207,1.520154146031088,1.2841988912562368,0
24.07807525534133,27.916458635510224,24.099370818897004,26.619999999999784,1682824290963144302,1.5337835908459927,1.2966335236360143,0
23.93697974213994,27.92930755331727,23.863291462731024,26.619999999999784,1682824291062214851,1.4721728498213578,1.3113795147463851,0
23.72886428503679,27.95375114934052,23.6999502408775,26.619999999999784,1682824291162174224,1.5521029723222743,1.3340645225465582,0
23.591876228319066,27.971176727589004,23.45729113644752,26.619999999999784,1682824291262180089,1.4522065148367365,1.3578629150738246,0
23.388059083478115,27.995456320704882,23.297330576478927,26.619999999999784,1682824291362202405,1.4788481491277066,1.3784454113783058,0
23.252869809262677,28.008815925557986,23.13997314002275,26.619999999999784,1682824291462378978,1.4312863018738744,1.393397047868824,0
23.050535572223094,28.022411330761848,22.821211310129293,26.619999999999784,1682824291563441991,1.2589377076054884,1.4210373527232454,0
22.915645357219,28.02703986196197,22.660750665329747,26.619999999999784,1682824291662031412,1.200114545691369,1.4299414243611115,0
22.71141393378925,28.032418463567733,22.819999999999865,26.619999999999784,1682824291763003826,1.5587851163453017,1.4165863369391725,0
22.5744694465014,28.034928940475993,22.576604789208933,26.619999999999784,1682824291862292289,1.4398425915065218,1.41493055175355,0
22.36828849946937,28.037624216021587,22.260063718206016,26.619999999999784,1682824291962144851,1.3238203761696485,1.4217492820926383,0
22.230147666490495,28.039641901025316,22.097984454838883,26.619999999999784,1682824292062158584,1.3039118552655369,1.4257805727605686,0
22.021378576343174,28.04376295212015,21.940697741933455,26.619999999999784,1682824292162985563,1.3649176179993738,1.4260471033144555,0
21.880771794442698,28.047358116390896,21.69996646178232,26.619999999999784,1682824292262542486,1.2717804605553642,1.4387639697830956,0
21.66714726074908,28.054123570225695,21.540027499240065,26.619999999999784,1682824292363175630,1.3362949818322067,1.4397464528324495,0
21.52325065404192,28.059576435799784,21.38001510477497,26.619999999999784,1682824292462143898,1.327746427910016,1.4466847400468545,0
21.307460716705084,28.069090436483766,21.139997940036857,26.619999999999784,1682824292563225030,1.3149421200046045,1.4587346827572067,0
21.16362815625964,28.076032590024194,20.899414060779996,26.619999999999784,1682824292662330389,1.2219787252850678,1.4798107958328046,0
20.947864867232326,28.08613891246471,20.740016058263564,26.619999999999784,1682824292762197732,1.274308002455107,1.4807985811829922,0
20.803989782695187,28.09213165796708,20.500502756370942,26.619999999999784,1682824292862025737,1.1720471564951005,1.5030888175808748,0
20.588201297396967,28.10090349085398,20.65999999999991,26.619999999999784,1682824292962133407,1.545880188324105,1.4826429789128637,0
20.445347065819487,28.105329852415533,20.41981939934233,26.619999999999784,1682824293064175605,1.4319630201997415,1.4855492022256143,0
20.233476292317782,28.109255038560715,20.102399938940902,26.619999999999784,1682824293163041353,1.3084112125822454,1.4950122341618812,0
20.093218689668028,28.111128417984673,19.940020825536,26.619999999999784,1682824293263367652,1.2830286848828338,1.498977499663265,0
19.8833628795204,28.114409657535216,19.780000801082345,26.619999999999784,1682824293362157106,1.3400227199769859,1.4979799544033292,0
19.7433713909096,28.117684792445004,19.620366172089113,26.619999999999784,1682824293462158441,1.3323230989868315,1.5027275273244842,0
19.532595741156545,28.125217039342676,19.380130394439785,26.619999999999784,1682824293562381505,1.3278152634209424,1.512919038639425,0
19.391314190230094,28.132182552770097,19.143023873125717,26.619999999999784,1682824293663039684,1.2491962749168761,1.532430799243715,0
19.177982851583742,28.144757677361042,18.900779002686892,26.619999999999784,1682824293762174367,1.2384560185110243,1.549750931122587,0
19.03473235565484,28.154199447275637,18.736387683155716,26.619999999999784,1682824293862156629,1.2264486718462688,1.562938734445513,0
18.819257774926324,28.169254619821583,18.58001605826361,26.619999999999784,1682824293963335990,1.2938636286998193,1.5676180899794785,0
18.675629997325707,28.179601613342648,18.419998893730103,26.619999999999784,1682824294062271833,1.2816856866329958,1.5804127478184833,0
18.460172242327754,28.194894513318022,18.180026545887927,26.619999999999784,1682824294163277864,1.2558924640691942,1.5996169351796843,0
18.316472118172047,28.20418014011829,17.94362193664143,26.619999999999784,1682824294262531042,1.1575129712688736,1.6274655063052181,0
18.100891552851476,28.217631861767057,18.099999999999966,26.619999999999784,1682824294362176656,1.520896382524979,1.5976321105312223,0
17.957077457938837,28.224929109579566,17.78033008999575,26.619999999999784,1682824294462149143,1.3280902144938573,1.6146321806688235,0
17.741248534766598,28.231766575805672,17.61736408547555,26.619999999999784,1682824294562315702,1.3433014520401685,1.6165206004444181,0
17.598028141423917,28.23386878131218,17.379916834540936,26.619999999999784,1682824294662282705,1.2325265999799326,1.6285407534000969,0
17.386628293801287,28.235314723543485,17.21922843675695,26.619999999999784,1682824294763070106,1.2715437682935549,1.6239656302506922,0
17.24917228366643,28.23611150151358,16.980124681512528,26.619999999999784,1682824294862075805,1.1731595231826453,1.638353746157996,0
17.048466903751898,28.240937394341746,17.139999999999986,26.619999999999784,1682824294963534355,1.572997057922884,1.6235197393579388,0
16.919779690607815,28.246041299360538,16.819937834437436,26.619999999999784,1682824295062245607,1.399364206915908,1.629103650315214,0
16.73394972409984,28.254996206835155,16.580896023518672,26.619999999999784,1682824295162595510,1.3608680499609016,1.6421443394621686,0
16.612005197437746,28.26069995239223,16.422216520405104,26.619999999999784,1682824295262320995,1.319891748075667,1.65164041961632,0
16.427788225408133,28.26721580997669,16.256953141760363,26.619999999999784,1682824295363366603,1.3132921957517596,1.6560508900522397,0
16.302122185528873,28.26944066312335,16.098653465727416,26.619999999999784,1682824295462403535,1.2560212367915167,1.6619428453178395,0
16.10657801783691,28.268566198836208,15.860015104775087,26.619999999999784,1682824295562075138,1.168157836793777,1.6669024512680717,0
15.970250243777086,28.266897597712525,15.94000000000001,26.619999999999784,1682824295662248134,1.383955374983455,1.6471753927862598,0
15.759718972458453,28.262585181536803,15.61914847678628,26.619999999999784,1682824295762892961,1.2552613484630788,1.6485891370679722,0
15.616504687526142,28.258960819201594,15.45745665619116,26.619999999999784,1682824295862232923,1.2335157072931553,1.6466599051261919,0
15.400564232451474,28.25389686933185,15.223909279309673,26.619999999999784,1682824295962210416,1.2209515724486582,1.6434189825125722,0
15.256587106251901,28.251340586325654,14.980452512957072,26.619999999999784,1682824296062071084,1.1318693878371555,1.6545459867311432,0
15.040590428500575,28.25103101025967,15.14000000000001,26.619999999999784,1682824296162226438,1.537038323004883,1.6340576548381283,0
14.896596370739488,28.252330278161324,14.818523408606946,26.619999999999784,1682824296262354373,1.370186176442486,1.6341962931114116,0
14.680619525464534,28.255463937839316,14.66279220389806,26.619999999999784,1682824296363039016,1.441085110699549,1.6355610980234956,0
14.536647922223937,28.25832053927661,14.499978863785405,26.619999999999784,1682824296462641000,1.4292919601829577,1.638730853210215,0
14.320713143388915,28.263618959731367,14.17999603261648,26.619999999999784,1682824296563400983,1.3372336061948797,1.649631652840498,0
14.176775100582349,28.267840255823256,14.019933062217513,26.619999999999784,1682824296662310600,1.3288057926077523,1.6552875682825627,0
13.96090513856888,28.275327067362042,13.855435813118039,26.619999999999784,1682824296762193441,1.39092826638532,1.6586836583728641,0
13.81716527431343,28.281053392129365,13.620869614497693,26.619999999999784,1682824296862184047,1.310797660835225,1.672611837088236,0
13.602513217857036,28.290812718240065,13.456731996058737,26.619999999999784,1682824296962188243,1.3735162698382526,1.677160488463308,0
13.460392195942608,28.29807252391632,13.220708140376704,26.619999999999784,1682824297062222003,1.2917731224020887,1.6951034900607502,0
13.248739772093886,28.30999188446554,13.057570747233205,26.619999999999784,1682824297163156032,1.352062976598527,1.700769874388154,0
13.108329565331907,28.31863136735869,12.820045610773455,26.619999999999784,1682824297262292385,1.2683318114665678,1.7229208225079435,0
12.898252265966162,28.332635851976057,12.662549691768978,26.619999999999784,1682824297363945722,1.3329283875839117,1.728779125555857,0
12.75831066160992,28.342639298131743,12.419962645394772,26.619999999999784,1682824297462620973,1.2452781452391422,1.755552770937204,0
12.547244131432317,28.360637606467602,12.580000000000007,26.619999999999784,1682824297562384366,1.635074212922791,1.7409457843297813,0
12.406525757073949,28.37377907507946,12.259843291489673,26.780078354254947,1682824297662240505,1.4291753129523928,1.6004367320411201,0
12.194431447454718,28.392957560312887,12.094995785694973,26.699999999999783,1682824297763281822,1.4903537435447616,1.6958752170637132,0
12.051801326723007,28.40488921239588,11.939965507702587,26.699999999999783,1682824297862187147,1.4718886209182809,1.7085533286849877,0
11.836419283458838,28.420986258345494,11.70249980579107,26.699999999999783,1682824297963358640,1.436193704527779,1.7261889027315573,0
11.692713711128361,28.430184265077237,11.460998746638557,26.699999999999783,1682824298062324762,1.330370499614679,1.7456315235152355,0
11.476989062858795,28.441030736960982,11.300029405910509,26.699999999999783,1682824298163661241,1.3552639821022743,1.7500007849229424,0
11.33306474563047,28.44566179117844,11.138529236543881,26.699999999999783,1682824298263600111,1.3125796690616938,1.7564678059892418,0
11.117081908203277,28.447802468727872,10.900034172387496,26.699999999999783,1682824298362259626,1.243270962324098,1.761227750552086,0
10.9732295176825,28.44559043774791,10.660014151275133,26.699999999999783,1682824298462167501,1.1131980845947915,1.7734683087417717,0
10.757397630488134,28.438084300714042,10.820000000000006,26.699999999999783,1682824298562335729,1.4394537666328084,1.7392113422634632,0
10.614497526984138,28.429670525965978,10.50002177895647,26.699999999999783,1682824298662218093,1.2282320599248047,1.7334545927951703,0
10.40250482138776,28.412800919643022,10.33999794003696,26.699999999999783,1682824298763114690,1.2381386364002975,1.7139411018313695,0
10.26279296220111,28.399643541396628,10.179998893730149,26.699999999999783,1682824298862960577,1.1994040544215712,1.7016589040069061,0
10.054081673889689,28.380296821045356,10.260000000000005,26.699999999999783,1682824298963472604,1.4932850428328506,1.6928673202126425,0
9.916367114673264,28.367399088262776,9.938466078144655,26.699999999999783,1682824299062213182,1.303104898828763,1.6675455267328598,0
9.712184043031217,28.348070743238484,9.780235059130222,26.699999999999783,1682824299162414312,1.3483851618307519,1.6494751030286794,0
9.57676573088431,28.335864773108355,9.622259170853537,26.699999999999783,1682824299262246131,1.333028400845821,1.636497237693298,0
9.373322920321488,28.319391557276653,9.460352880583793,26.699999999999783,1682824299362234115,1.3931808109799988,1.6217284698009298,0
9.23688793798046,28.310113542938705,9.142080998688108,26.699999999999783,1682824299462207555,1.2293383195561787,1.6129023457399128,0
9.030106800728335,28.29923927491248,8.97998172551311,26.699999999999783,1682824299563229799,1.3036614597676184,1.6000246190570393,0
8.890785901393322,28.294208811440978,8.734533002114299,26.699999999999783,1682824299662617444,1.217420578815972,1.6018479025830912,0
8.680323386427505,28.289540500128858,8.578387303880845,26.699999999999783,1682824299763122081,1.2967716835240168,1.592805690119027,0
8.539428760957417,28.288140186121407,8.34011230210257,26.699999999999783,1682824299862828731,1.214995908991037,1.6005987322076893,0
8.327737420710147,28.28824676206502,8.181070291648414,26.699999999999783,1682824299962186336,1.2863633454321617,1.595004396218997,0
8.186637314107719,28.289630230528136,7.9399521493900655,26.699999999999783,1682824300062211513,1.1992504214498392,1.6086571543686372,0
7.975118456942261,28.293727621319633,7.780006522866393,26.699999999999783,1682824300162279367,1.2703241011368964,1.605626481401155,0
7.833938260728307,28.298041197396127,7.619480319800994,26.699999999999783,1682824300263362646,1.2667827632258288,1.6123671656923328,0
7.621525969577099,28.307217135688504,7.372687948142611,26.699999999999783,1682824300362711191,1.2596606847384946,1.6263662816730085,0
7.479297465813891,28.315274704077318,7.137388715637458,26.699999999999783,1682824300462217569,1.1888109859494178,1.6510644939189927,0
7.264771982726886,28.330473303384906,6.977442875742585,26.699999999999783,1682824300563486814,1.2737684363827357,1.6555969342723467,0
7.121249531505402,28.342190107272568,6.7386088428748385,26.699999999999783,1682824300662301301,1.1954770657106886,1.6861797783807855,0
6.906123610211696,28.361599082827986,6.900000000000002,26.699999999999783,1682824300762308835,1.578616481796056,1.6616103666797317,0
6.763068974675274,28.373785187045307,6.579996986332399,26.699999999999783,1682824300862208366,1.3956870992340504,1.6837672657730447,0
6.549830447386732,28.38849441981343,6.340003662025559,26.699999999999783,1682824300962256908,1.3382599235974035,1.7014819086892548,0
6.408877901947579,28.395173988785693,6.18046483974302,26.699999999999783,1682824301062384128,1.290871431736334,1.71049331458559,0
6.199179428189695,28.400436105578112,6.020636268864061,26.699999999999783,1682824301162372350,1.2979506704489496,1.7097837901022386,0
6.0599773020076615,28.40163948960322,5.860015104775075,26.699999999999783,1682824301262326717,1.258080509464127,1.7133481353478428,0
5.851243860091753,28.401346688308355,5.620027499240172,26.699999999999783,1682824301363355875,1.2100225685680723,1.716986184960145,0
5.7117517699486955,28.400423004395982,5.382701925533537,26.699999999999783,1682824301462101697,1.1100198288546939,1.73196772313731,0
5.5001622766720555,28.40111784611495,5.540000000000001,26.699999999999783,1682824301562471628,1.4951496379466824,1.701584253151004,0
5.358161500488057,28.40246621043682,5.299954057856956,26.699999999999783,1682824301663286685,1.403825087347949,1.7034609781434682,0
5.144926533290557,28.40591465741935,5.06004656389844,26.699999999999783,1682824301762417078,1.394493091004478,1.7080250078974024,0
5.002864212769864,28.40978729104972,4.81969887433789,26.699999999999783,1682824301862925291,1.3168439651926822,1.7195703305880763,0
4.790239543068669,28.41876077164801,4.659993171400471,26.699999999999783,1682824301963901281,1.4032234016775815,1.7236886921626948,0
4.648955988793856,28.427212118851852,4.420123729318293,26.699999999999783,1682824302063494682,1.335308257485224,1.7423047685425608,0
4.437384446961888,28.442841963434173,4.256515228141977,26.699999999999783,1682824302163530588,1.408775488451402,1.7522019814577217,0
4.296375150718244,28.454042214036207,4.107898134675097,26.816050932662232,1682824302263044595,1.3753960451909357,1.6487992671740495,0
4.083261075692628,28.469503838602506,3.777323675853877,26.77999999999978,1682824302362330198,1.2581188701588817,1.7169801726500629,0
3.939746611322067,28.477965987534528,3.6178053099056195,26.77999999999978,1682824302462186574,1.2238928049808722,1.7282172017378385,0
3.7239851809489948,28.488068556241313,3.7799999999999994,26.77999999999978,1682824302563165664,1.5674069789772527,1.7089867912814154,0
3.5800457245022255,28.492208930788827,3.5399511951395466,26.77999999999978,1682824302663850784,1.4480519253633894,1.7126783101209007,0
3.3640668297239085,28.495090931180126,3.302493336775646,26.77999999999978,1682824302763006687,1.3997008131962092,1.7161958504934434,0
3.2203718419622067,28.49546056515225,3.058213924783027,26.77999999999978,1682824302862248659,1.2891352477363511,1.7231076985194855,0
3.0067671942313896,28.494645114200868,2.8957308790052125,26.77999999999978,1682824302963433027,1.3274566606634512,1.7182365759559028,0
2.866408197548815,28.49359707853845,2.6599349711396254,26.77999999999978,1682824303062541007,1.2308008757653124,1.7259913501521615,0
2.6592263255317174,28.492069465617128,2.500225549821734,26.77999999999978,1682824303162587404,1.2788295310602351,1.7194368560013027,0
2.522690739392887,28.49157630470098,2.3426410673669875,26.77999999999978,1682824303262213230,1.2651564811482279,1.7210204331184595,0
2.3192713372412523,28.492329553843124,2.0229090432411216,26.77999999999978,1682824303362024784,1.1696760716561025,1.7377868425875376,0
2.183409084626531,28.49551283816578,2.179999999999998,26.77999999999978,1682824303462221145,1.4902869894845712,1.7155162254465426,0
1.9795709884237136,28.502966268153543,1.8574389380423766,26.77999999999978,1682824303563519001,1.397731549025652,1.727289494823045,0
1.8436979411243315,28.50923274308271,1.6999683699080093,26.77999999999978,1682824303662628650,1.390356844080364,1.7351956861956914,0
1.6400435417909347,28.519881259529466,1.3800036620255551,26.77999999999978,1682824303763071775,1.2932548962005233,1.7592065075854504,0
1.5046837542573421,28.527529119980333,1.2199836332747132,26.94000818336242,1682824303864575386,1.2347597141979676,1.612847445695885,0
1.3020644893871935,28.539151153650636,1.061718777786947,26.85999999999978,1682824303962280750,1.2994793855915452,1.6962649138302754,0
1.1672530131525019,28.546711259896224,0.8149440421070725,26.85999999999978,1682824304062261104,1.1915229512354577,1.7231124412935277,0
0.9639615311543476,28.559730277074895,0.979999999999997,26.85999999999978,1682824304162229537,1.568358149901743,1.6998059440091278,0
0.8279217951817194,28.567789036747076,0.7413417640418196,26.85999999999978,1682824304262241840,1.4546353868510387,1.709982308629667,0
0.6231044869095693,28.57696649686828,0.5008309283240805,26.85999999999978,1682824304363343000,1.3924824977749195,1.7213148388653519,0
0.4857299197066319,28.58088497153033,0.2574477975995805,26.85999999999978,1682824304462204456,1.2679854346549748,1.7359601990003708,0
0.2779864065207296,28.583180834484452,0.10123291083838243,26.85999999999978,1682824304563833951,1.2822686692882865,1.7322222682355815,0
0.1383272642999454,28.58227273302002,-0.06353457044338866,26.85999999999978,1682824304662200927,1.2341141559593856,1.7340621578337245,0
-0.07243103149777097,28.577520805060374,-0.29888361477588465,26.85999999999978,1682824304762057304,1.1761845894620966,1.732385202052166,0
-0.21426309130190552,28.57335373599665,-0.22000000000000292,26.85999999999978,1682824304862263202,1.3897239949145868,1.7133633405602704,0
-0.42765478072441465,28.56448764395894,-0.5381879477176594,26.85999999999978,1682824304962452888,1.2559535771955894,1.7080678292781617,0
-0.5699866761870137,28.556613730462136,-0.7815067091037109,26.85999999999978,1682824305062170982,1.1367497927583903,1.7097481904416436,0
-0.7550732320976039,28.513251021220128,-0.6200000000000029,26.85999999999978,1682824305163005590,1.0419622153021169,1.6587596924194352,0
-0.8596688937384193,28.464104286807412,-0.6200000000000029,26.85999999999978,1682824305262083530,0.8972974417948073,1.621909905506598,0
-0.996528737714882,28.36857847259397,-0.6200000000000029,26.85999999999978,1682824305362960338,0.7738950866416622,1.5548578386141236,0
-1.0780067734101098,28.293707410099056,-0.6200000000000029,26.85999999999978,1682824305462129116,0.7530106868300522,1.5050870879331582,0
-1.189884577290213,28.1681644819814,-0.6200000000000029,26.85999999999978,1682824305562103033,0.7850867455069666,1.426906704501553,0
-1.2592638695508562,28.076957967961413,-0.6200000000000029,26.85999999999978,1682824305662065267,0.8349823586581763,1.374643586788386,0
-1.3574157992638065,27.93058917435387,-0.6200000000000029,26.85999999999978,1682824305763479948,0.9355947643292601,1.2999781695274912,0
-1.4194579086534496,27.8273487889614,-0.6200000000000029,26.85999999999978,1682824305862076044,1.013651035830007,1.2549488544215899,0
-1.5077899694748336,27.665067812560213,-0.6200000000000029,26.85999999999978,1682824305963062286,1.1417472042624834,1.1984595165131624,0
-1.5635667791728802,27.55258305252259,-0.6200000000000029,26.85999999999978,1682824306062227249,1.2329409405348526,1.1704655276429508,0
-1.636801809329046,27.377734390168445,-0.6200000000000029,26.540773336022138,1682824306162033557,1.0149741938288837,1.3169623098678693,0
-1.6816564986653575,27.2574789796777,-0.6200000000000029,26.619999999999784,1682824306263318300,1.1985451403162293,1.238343236219093,0
-1.7402502977650647,27.07184967354608,-0.6200000000000029,26.220197015102872,1682824306362540006,0.9160204150427752,1.40722172392132,0
-1.7760293999986994,26.944678041659166,-0.6200000000000029,26.37999999999979,1682824306462066888,1.1884465474615151,1.2865711268303885,0
-1.8264653799718589,26.74875505808017,-0.6200000000000029,26.37999999999979,1682824306562183380,1.3540410731322532,1.2615621292391825,0
-1.8555655462014309,26.61543827383496,-0.6200000000000029,26.14252475273061,1682824306662205696,1.2093090510459268,1.3229774818202122,0
-1.8916107182475599,26.413148460929982,-0.6200000000000029,25.818011830091585,1682824306762968063,1.0344364872560994,1.4039876880256983,0
-1.9131049500242552,26.276960374918687,-0.6200000000000029,25.979999999999798,1682824306862226247,1.3226868110132926,1.3267651925073973,0
-1.940052434805269,26.072267969239743,-0.6200000000000029,25.66153657577652,1682824306963381290,1.1655399656889733,1.3824755723742652,0
-1.9560500624721673,25.935586688979765,-0.6200000000000029,25.739999999999803,1682824307062194347,1.3749421115441411,1.3502903103918131,0
-1.9756402253587189,25.730927882188897,-0.6200000000000029,25.33599583567517,1682824307162027597,1.1374484216612364,1.4119956593326166,0
-1.987126894037178,25.593647418956543,-0.6200000000000029,25.499999999999808,1682824307262099742,1.4340267560068813,1.3703305380370796,0
-2.000654650937098,25.386304402719208,-0.6200000000000029,25.172415325354574,1682824307362823486,1.2793282813743923,1.3971241185271002,0
-2.0070948874159686,25.24687060514486,-0.6200000000000029,24.93518827068759,1682824307462034463,1.1616714447601364,1.4216814355924623,0
-2.015544231175792,25.033929206169542,-0.6200000000000029,25.099999999999817,1682824307563522338,1.5326394375276733,1.3971073870556219,0
-2.0197698756852813,24.890152610679422,-0.6200000000000029,24.778720353758814,1682824307662227153,1.3405425292348787,1.4041982953836687,0
-2.0241879380513526,24.67419836624002,-0.6200000000000029,24.53875910404173,1682824307763349533,1.3037474057058438,1.410704632130241,0
-2.0264017569437156,24.530215404332345,-0.6200000000000029,24.379990310081972,1682824307862201690,1.2849030675570237,1.414402163769872,0
-2.029559962805435,24.314263197112,-0.6200000000000029,24.218491347432224,1682824307962197065,1.339481316919734,1.4128098017550474,0
-2.032007244466245,24.170543025463402,-0.6200000000000029,24.064638324815647,1682824308062222242,1.3331171448330381,1.415973256825298,0
-2.0362510053204868,23.955743655153803,-0.6200000000000029,23.742604160705337,1682824308163221597,1.230658141160441,1.432199481275227,0
-2.0393557871687347,23.813382865590807,-0.6200000000000029,23.584182002031483,1682824308262672424,1.2166332938227489,1.4377426356708318,0
-2.0439776074332006,23.601420057074225,-0.6200000000000029,23.423324390072928,1682824308362760305,1.267056349686131,1.4350715289057236,0
-2.046866644222459,23.46133426053588,-0.6200000000000029,23.256982846593285,1682824308462195634,1.238988916523886,1.441425655653108,0
-2.0507779870234186,23.253328441211053,-0.6200000000000029,23.10250627427498,1682824308563048124,1.2889860311929466,1.4387053117960156,0
-2.0533185133970333,23.115823319574353,-0.6200000000000029,22.776945218642997,1682824308662585496,1.1029197336664303,1.4728341142632175,0
-2.0611354606488175,22.908651532156764,-0.6200000000000029,22.939999999999863,1682824308762197256,1.5128938096666513,1.4414763759339178,0
-2.06849041548719,22.76999482377435,-0.6200000000000029,22.70337284126369,1682824308862146377,1.428111563910467,1.450021714427717,0
-2.0823640146241464,22.5609118393183,-0.6200000000000029,22.45680544720575,1682824308963218450,1.41707302045582,1.4660650231645032,0
-2.0940533149420815,22.420324663400226,-0.6200000000000029,22.219985540990717,1682824309062802791,1.3440527326319018,1.4876051019203798,0
-2.1148172748246554,22.207504254813678,-0.6200000000000029,21.98031584257353,1682824309162649393,1.3419943316366958,1.5119832207304422,0
-2.129442725204564,22.064758597094514,-0.6200000000000029,21.82001510477496,1682824309262188911,1.329314582879389,1.5291555570659723,0
-2.1505889177495545,21.850030287739326,-0.6200000000000029,21.66193872931744,1682824309362147092,1.3777941413697892,1.5421027428441068,0
-2.1631214824941765,21.70675360045074,-0.6200000000000029,21.498023559511132,1682824309462241649,1.3438855083270136,1.5571744088976245,0
-2.1782624846515173,21.492101332240683,-0.6200000000000029,21.26277655079499,1682824309563294887,1.2921534280226072,1.5750466108840802,0
-2.1857822624066383,21.349341838832125,-0.6200000000000029,21.019871952659802,1682824309663139820,1.1746054683091993,1.6000701544499996,0
-2.1963852582663432,21.134771143144857,-0.6200000000000029,21.1799999999999,1682824309762418746,1.5451086584332703,1.5770339666512738,0
-2.2027103823176137,20.992012203977808,-0.6200000000000029,20.860089442769734,1682824309863158464,1.361364986729449,1.5881989073226064,0
-2.2111785627504092,20.77896766827439,-0.6200000000000029,20.701466386336165,1682824309962134122,1.409663926619405,1.5930648659921283,0
-2.2165657277518367,20.637643660003565,-0.6200000000000029,20.459663447616688,1682824310062237501,1.3107150606370417,1.6064554394794215,0
-2.225643170208267,20.42586181952186,-0.6200000000000029,20.220906396093042,1682824310162291049,1.2976979560772781,1.6186712809058332,0
-2.2323791179378754,20.28424501146622,-0.6200000000000029,20.05989869383171,1682824310263356685,1.2850939800226198,1.6279120646393268,0
-2.2438821036210133,20.070375872030702,-0.6200000000000029,19.90311011467105,1682824310362966299,1.3563854740422248,1.6324738650421622,0
-2.2527306583691935,19.926660206776113,-0.6200000000000029,19.738444690262753,1682824310462191343,1.349032821884784,1.6435432709348063,0
-2.268058377248735,19.71120594751907,-0.6200000000000029,19.499148476786207,1682824310562220573,1.3490982602484953,1.6616452045227172,0
-2.279414449337655,19.56765451972715,-0.6200000000000029,19.260020825536014,1682824310662250757,1.2682123234379752,1.6876891907197455,0
-2.297188954562184,19.352387118295024,-0.6200000000000029,19.099931153249795,1682824310762263536,1.33089543505812,1.6960827820576156,0
-2.3090060336293248,19.2091570909859,-0.6200000000000029,18.93997790985336,1682824310862385988,1.316796975044474,1.7103212602290363,0
-2.3258645644372256,18.996325620425146,-0.6200000000000029,18.616803462908653,1682824310962219476,1.2090076399304701,1.747572882671441,0
-2.3371523447156872,18.856123573259254,-0.6200000000000029,18.77999999999995,1682824311063665628,1.5083117668693122,1.7188388445018157,0
-2.352337062804701,18.64899398579772,-0.6200000000000029,18.457746487590775,1682824311162311792,1.3816048250675108,1.7428618145846284,0
-2.3608560062027646,18.51192531599943,-0.6200000000000029,18.22104111659192,1682824311262524366,1.2742251746865416,1.7649910061519234,0
-2.3712505307042577,18.306253082644833,-0.7814868029457687,18.057026394108437,1682824311362567901,1.2519355303515143,1.6091807394992599,0
-2.3765445406003045,18.168039296169674,-0.740000000000003,17.898166131511807,1682824311462345123,1.2252933067877512,1.6586469058757214,0
-2.381933843895739,17.95758933115727,-0.740000000000003,17.581257321955494,1682824311562173128,1.097491987089742,1.6845095811185145,0
-2.385176829277619,17.814421951923446,-0.740000000000003,17.739999999999974,1682824311662710428,1.3971381311453275,1.646859261297106,0
-2.388675868163611,17.59845106023261,-0.740000000000003,17.42132206892473,1682824311762424230,1.2804969922572211,1.6581636824592356,0
-2.3899824047023897,17.454457064091297,-0.740000000000003,17.257283246146276,1682824311862452983,1.2529918087399596,1.6617218330125194,0
-2.3909535300287916,17.238459405457604,-0.740000000000003,16.938265587776314,1682824311962201595,1.1439305489653722,1.67802380391,0
-2.3921079365116786,17.094464188377433,-0.740000000000003,17.099999999999987,1682824312062271833,1.4549810813266095,1.652117211064393,0
-2.393788673365735,16.878470745595045,-0.740000000000003,16.78024171497268,1682824312162913799,1.3498764103402474,1.6567033284839499,0
-2.394756126141201,16.73447399721694,-0.740000000000003,16.618758135511772,1682824312264331340,1.3314055001339309,1.6587971538593846,0
-2.3969616535664837,16.51848525927557,-0.740000000000003,16.38049707002585,1682824312362955331,1.3157331401844372,1.6626974053513717,0
-2.398446437383826,16.37449291465448,-0.740000000000003,16.220396544363787,1682824312463139533,1.300769166820818,1.6655900687167478,0
-2.4008834479908883,16.158568337438336,-0.740000000000003,15.900125633695458,1682824312562499761,1.2018488842875883,1.6808707442656086,0
-2.40248452641533,16.014698350775383,-0.740000000000003,15.74321824128587,1682824312663149118,1.187311917659699,1.6845047493013583,0
-2.4053014876007452,15.7987167318601,-0.740000000000003,15.90000000000001,1682824312762322425,1.5568725491401243,1.668378657562589,0
-2.4060954861543893,15.654719316271285,-0.740000000000003,15.660026545887971,1682824312864985227,1.44689180930355,1.666103939035685,0
-2.404006739266006,15.43873284180382,-0.740000000000003,15.415268171804149,1682824312963086128,1.3858381857575814,1.6641721723009522,0
-2.4004687540536045,15.294777507770275,-0.740000000000003,15.178269972737278,1682824313062672853,1.2734432288582092,1.6645511373664028,0
-2.3915854204953293,15.078962062402892,-0.740000000000003,15.020306342879588,1682824313162470340,1.3008580834774686,1.6526266652288777,0
-2.384426732485064,14.935140167228196,-0.740000000000003,14.780049423205272,1682824313262214660,1.1965921489818907,1.6517240742306445,0
-2.375052430963431,14.719344744714226,-0.740000000000003,14.940000000000008,1682824313362357616,1.5865954107318614,1.6498742963282536,0
-2.369845113424953,14.575439064439788,-0.740000000000003,14.700055141512253,1682824313463285684,1.4981407676693603,1.6346021719122117,0
-2.364024796556491,14.35961065400164,-0.740000000000003,14.3800227323655,1682824313562517166,1.4139198824358887,1.6241530693790764,0
-2.3616384576042933,14.21583902833331,-0.740000000000003,14.220043704489395,1682824313662166357,1.4096253004692036,1.621643908656521,0
-2.3595181981753575,14.000442083893208,-0.740000000000003,14.060836590890233,1682824313762121677,1.4762144707344078,1.6206439123683403,0
-2.3588598044709794,13.856843021599802,-0.740000000000003,13.899985540990846,1682824313864021062,1.4674554548433805,1.6194345752487858,0
-2.3583505350908207,13.64160989552259,-0.740000000000003,13.660258827449962,1682824313962265253,1.4430284017682657,1.6184579812558522,0
-2.3578702684940316,13.498491835981607,-0.740000000000003,13.41599984359727,1682824314062269687,1.340728080233089,1.6199719548450455,0
-2.356672508371845,13.284343408576579,-0.740000000000003,13.260003662025564,1682824314163151264,1.394643465691279,1.6168557210176397,0
-2.355756774283859,13.141982900061729,-0.740000000000003,13.023256691074293,1682824314263392448,1.3008191245977407,1.6201129177760114,0
-2.354388133088993,12.929064214519602,-0.740000000000003,12.864454674724913,1682824314362259626,1.3537786335200275,1.6156804872532924,0
-2.353555924077052,12.787534687693718,-0.740000000000003,12.7031128655005,1682824314462275505,1.33538399996039,1.6157629046944242,0
-2.3524803534199403,12.575837023862892,-0.740000000000003,12.37853312160147,1682824314562263965,1.2255162120006382,1.6245066081776558,0
-2.3519859937762484,12.4350488132373,-0.740000000000003,12.22002177895647,1682824314662293434,1.2103175075441608,1.6262642680703525,0
-2.3517693907965445,12.224091707241639,-0.740000000000003,12.063355475415198,1682824314763556718,1.2690289131562567,1.619764398093259,0
-2.3519998153051698,12.083422773555608,-0.740000000000003,11.899896784044286,1682824314862207412,1.2499263278907549,1.6224133854754779,0
-2.353003487718534,11.872152127110322,-0.740000000000003,11.6597208884643,1682824314962268114,1.2280392125183328,1.626931861678549,0
-2.354175131797566,11.731032080185331,-0.740000000000003,11.500527392515764,1682824315063052654,1.215178331594662,1.6305501424829978,0
-2.3572389805664686,11.51884024549825,-0.740000000000003,11.176964034789373,1682824315162841081,1.1210380923958618,1.6529795109777743,0
-2.3619475275365764,11.376384730647516,-0.740000000000003,11.340000000000005,1682824315263039827,1.4542830115975003,1.622355580847274,0
-2.372576521747478,11.162029775364605,-0.740000000000003,11.019522543387163,1682824315363021850,1.3820370880030877,1.6387844307678046,0
-2.3822487705343454,11.01888357269553,-0.740000000000003,10.86195548019406,1682824315462283372,1.3944671689376773,1.6497295082945294,0
-2.401160423472352,10.8038193965773,-0.740000000000003,10.619956920471962,1682824315562820672,1.4146866440915629,1.6713046887478116,0
-2.41644818849008,10.660633776466955,-0.740000000000003,10.381297677718399,1682824315662519454,1.3491348294203591,1.6995608799792152,0
-2.4415887606690823,10.446102266855092,-0.8999891105217708,10.220021778956468,1682824315763089656,1.3798386627999844,1.558089172140925,0
-2.4585902527867276,10.303109454537436,-0.8600000000000031,9.980002708389216,1682824315862347364,1.2986184138156744,1.63091654161432,0
-2.482929986321033,10.088485904584866,-0.8600000000000031,9.819996986332402,1682824315962259054,1.3444727279228732,1.644988765835304,0
-2.4977577810255402,9.945251783031681,-0.8600000000000031,9.661880073276906,1682824316062374114,1.3196568710684378,1.6620920778341481,0
-2.517367264135688,9.730145416571265,-0.8600000000000031,9.340036078898757,1682824316162382125,1.1991279286628707,1.7026601374225827,0
-2.5297425242379754,9.586678167247037,-0.8600000000000031,9.500000000000004,1682824316262295007,1.493183552373644,1.6719907900242454,0
-2.546366231402521,9.371319925356335,-0.8600000000000031,9.179960737132674,1682824316362347126,1.376004551627867,1.697188676998627,0
-2.555970873077407,9.227640922307538,-0.8600000000000031,9.016859004995688,1682824316462398052,1.3454010816090132,1.7090190809328583,0
-2.5683482658783863,9.011996769205005,-0.8600000000000031,8.777184552771564,1682824316562161445,1.307615708141657,1.7244102106274088,0
-2.5757407829082783,8.868186653944033,-0.8600000000000031,8.540700578007243,1682824316662202119,1.216545388136818,1.7467150781015142,0
-2.5890150173422435,8.652597118521207,-0.8600000000000031,8.700000000000003,1682824316762207984,1.607136198850941,1.7296646968032507,0
-2.5994179277239984,8.50897368041163,-0.8600000000000031,8.38004370448939,1682824316862198114,1.4528322414994064,1.7441896874993121,0
-2.6178143244406997,8.293761181450815,-0.8600000000000031,8.220030359228627,1682824316962639570,1.5400439827603034,1.7593599499120307,0
-2.6325360479198356,8.150516762683914,-0.8600000000000031,8.0599531036292,1682824317062328577,1.5539465915394683,1.774848111111663,0
-2.658334894329576,7.936192380025725,-1.0199900639478436,7.8200198721043215,1682824317162190437,1.5195081811541842,1.642458472788672,0
-2.6761858997355623,7.793330451024375,-0.9800000000000032,7.5801798893790835,1682824317262347221,1.4426099323849029,1.70952618242349,0
-2.7016461495517237,7.579566290974066,-1.139982913806258,7.420034172387492,1682824317363682985,1.4423999476124416,1.5697906098393246,0
-2.7164706506954595,7.43723581481021,-1.1000000000000032,7.260560544540931,1682824317462409019,1.4156285659468204,1.6260970191487696,0
-2.73371226761841,7.22388141989225,-1.1000000000000032,7.019957874654203,1682824317562437534,1.3451735812329646,1.646390168116091,0
-2.741740010845236,7.081693030636079,-1.1000000000000032,6.780209381399115,1682824317663449048,1.2227315025288579,1.6691922160036996,0
-2.7499917358252244,6.867861559006244,-1.1000000000000032,6.539755333221902,1682824317763033628,1.166142613467835,1.682297959247996,0
-2.7546788162207845,6.724158047515203,-1.1000000000000032,6.700000000000001,1682824317862243652,1.4637898451468847,1.6548551586497087,0
-2.7602850503355856,6.508231269275141,-1.1000000000000032,6.3846032487756315,1682824317963095664,1.3526049578038493,1.6648814780099077,0
-2.7631869954189194,6.364260569500084,-1.1000000000000032,6.215885541004855,1682824318062241077,1.322054990231397,1.6697922418108075,0
-2.7666612397209684,6.148288737664936,-1.1000000000000032,5.980066576899704,1682824318163869142,1.2951171790778884,1.6751293631719157,0
-2.7682013139348483,6.0042970826468345,-1.1000000000000032,5.7399664617824335,1682824318262548446,1.1935503051489544,1.6890134105271346,0
-2.7690796039247343,5.788299585014028,-1.1000000000000032,5.579175460122699,1682824318362417459,1.2331840961408422,1.6821294908089273,0
-2.7685331480056004,5.6444391013418835,-1.1000000000000032,5.339292924793755,1682824318462232589,1.1284259796303293,1.6962066663751236,0
-2.767570501284521,5.4284412546380265,-1.1000000000000032,5.5,1682824318562612295,1.4993337395164565,1.6691051586979408,0
-2.7659898758029122,5.284916635107944,-1.1000000000000032,5.179709403587551,1682824318662272214,1.3114514703262048,1.6693084879200664,0
-2.761747323319993,5.070245657408821,-1.1000000000000032,4.940821489818427,1682824318763897657,1.2705857879652127,1.6667797640113158,0
-2.7577575077906484,4.927097873494416,-1.1000000000000032,4.7772516772867535,1682824318862275838,1.2388334233395288,1.664516096994606,0
-2.7504373098947354,4.7118603499816345,-1.1000000000000032,4.6145360619359925,1682824318963181734,1.2781891982645426,1.6533043673008765,0
-2.7447329401564584,4.567973433849774,-1.1000000000000032,4.4574064447351835,1682824319062907934,1.257400226082485,1.6484451775893438,0
-2.7297422443456845,4.357488246596917,-1.1000000000000032,4.139896784044278,1682824319162328720,1.004924827311437,1.644203706230069,0
